,ID,region,name,star,rating,num_review,basic_info,review
0,3001626,0,크라운파크호텔 서울,3,4.6,48,"· 비즈니스, 관광, 문화의 중심지 명동에 위치한 크라운 파크 호텔은 서울의 역사와 환경을 바탕으로 도심 속 'Park'를 현대적으로 해석하였습니다.· 명동이 도보로 1분 이내 거리에 있으며, 경복궁 등 문화 관광지를 비롯, 백화점, 면세점, 관공서, 금융 비즈니스 센터들이 인근에 위치하고 있어 서울을 누비는 고객들에게 최적의 동선을 제공합니다.· 친환경 우수 자재를 사용한 감각적이고 안락한 분위기의 객실과 다양한 부대시설을 즐길 수 있습니다.",
1,3000741,0,써미트 호텔 동대문,3,4.5,209,"· 깨끗하고 쾌적했다는 투숙객들의 이용후기가 줄을 잇네요 :)· 오래된 특1급 호텔보다 룸컨디션이 좋아요! 있을 거 다 있어 짧은 여행과 비즈니스에 좋은 곳이랍니다· 야밤의 동대문투어, 광장시장 투어할 분들에게는 최고의 호텔이 되어줄거에요· 명동, 종로, 인사동, 청계천 서울 중심지로 이동이 편리합니다",
2,1000112780,0,어반스테이 더 남산,0,4.8,241,"· 어반스테이 더 남산은 '비대면 체크인'으로, 안전하게 머물고 삶이 좀 더 가벼워 수 있는 공간을 제공합니다.· 등록 된 핸드폰 번호로 객실 비밀번호 및 안내 사항이 당일 오전에 자동 발송됩니다.· 전 객실 넷플릭스 시청 가능 한 스마트 티비로 여유로운 휴식을 즐길 수 있습니다. (게스트 개별 아이디 필요)· 특급 호텔의 고급스러운 침구와 감성을 자극하는 야경 등 호텔과 동일한 어메니티로 감동을 더해드립니다.· 힙지로, 동대문, 남대문, 남산, 광장시장과 같은 유명 관광지와 인접해 있습니다.",
3,3014025,0,영등포 갤럭시 호텔,0,4.1,370,"· 갤럭시 관광호텔은 서울시 영등포구 버드 나루로 90번지(당산동)에 위치하여 인천공항 및 김포공항으로의 이동이 편리하고, 당산역과 영등포시장역 및 여의도가 근접하여 시내 중심지로의 이동 또한 편리합니다. · 호텔은 지상 16층 규모의 객실은 215실의 트윈베드 룸을 보유하고 있으며, 한강과 여의도, 국회의사당이 내려다보이는 시원한 전망과 쾌적한 환경을 갖추고 있습니다.· 갤럭시 관광호텔은 친절한 서비스로 외국인 관광객은 물론 비즈니스 고객에게도 최고의 휴식을 제공해 드릴 것을 약속드립니다.",
4,3000607,0,호텔 더 디자이너스 홍대,0,3.7,803,"· 각종 잡지 및 화보 촬영에도 사용되는 아름다운 객실에서 즐기는 특별한 휴식을 즐겨보세요.· 천연 라텍스 침대가 준비된 객실에서 즐기는 연인과의 로맨틱한 하루를 즐겨보시는게 어떨까요?· 젊음의 상징 홍대입구역에서 5분거리로, 데이트와 쇼핑을 즐기시는 분들에게 적합하답니다.",
5,3001137,0,The-K 호텔 서울,4,4.3,542,"· 현대인들이 문화, 예술, 자연이 함께 어우러진 공간 속에서 프레시 업 할 수 있는 새로운 휴식 문화 공간 The-K 더케이 호텔서울은 프리미엄 특1급 호텔입니다.· 현대적인 인테리어와 세련미를 갖춘 편안하고 안락한 객실을 이용해보세요 :)· 양재 시민의 숲과 양재천, 우면산 자연생태공원 등 천혜의 자연환경이 조성되어 있으며 호텔 내부의 넓은 녹지 공간과 연결되어 있습니다!· 경부고속도로 양재 IC와 3분거리에 근접, 지하철 양재역과 양재시민의 숲역에 인접해 있어 편리한 교통을 자랑합니다!",
6,1000110057,0,호텔 미드시티 명동,3,4.8,137,"· 서울 시내 중심가에 자리잡은 국내,외 비즈니스 피플과 여행자를 위한 공간이 있습니다.· 2호선 을지로입구역 1번 또는 2번 출구에서 도보 4분 거리에 있으며 1호선 종각역 5번 출구에서 도보 5분 거리에 있습니다.· 주변 관광지로는 시청이 도보 5분 거리에 있으며 번화한 명동 거리가 도보 10분 거리에 있습니다.",
7,1000105638,0,명동 멀린호텔,0,3.3,80,"· Merlin Hotel 명동은 한국 관광의 심장 “명동”에서 인접해 있습니다. 지하철 충무로역과 을지로4가역 까지 5분거리 입니다.· 관광과 쇼핑의 핫플레이스인 명동, 동대문 쇼핑몰 및 서울 주요 관광지, 남산, 남산한옥마을, 경복궁 등 까지 편리한 접근 가능 합니다.· 여행자의 시선을 사로잡는 독특한 호텔 외관에서부터 객실까지 현대적 감각의 인테리어를 적용함으로써 쾌적한 환경에서 편안한 휴식을 누릴 수 있습니다.",
8,10041224,0,유에이치스위트 광화문,0,0,0,· 관광지 중심에 위치한 편리한 입지와 편안한 서비스를 제공합니다.· 종각역 4번 출구에서 도보로 5분 거리에 자리하고 있습니다.· 종각역 5분거리에 위치하여 주변 관광지로의 이동에 최적의 장소를 제공합니다.,
9,10041161,0,유에이치스위트 더 명동,0,5.0,2,· 관광지 중심에 위치한 편리한 입지와 편안한 서비스를 제공합니다.· 명동역 10번 출구에서 도보로 3분 거리에 자리하고 있습니다.· 명동역 3분거리에 위치하여 서울 시내 관광지로의 이동에 최적의 장소를 제공합니다.,
10,3014369,0,라비타 호텔,2,4.0,596,"· 라비타 호텔은 금융, 무역, 패션 그리고 한류의 중심지인 강남의 청담동에 위치하여 최선의 서비스를 제공하고 있습니다.· 라비타 호텔 주변에는 코엑스 및 공항버스터미널이 있어서 편리하게 공항 수속이 가능하여 인천공항과 김포공항까지 교통이 매우 편리합니다.· 롯데월드 타워 및 테헤란역, 한강공원 및 강남로데오거리, 유명 엔터테이먼트 회사들이 근접해 있어 색다른 즐거움을 느끼실 수 있습니다.",
11,3001739,0,에이큐브 호텔,0,4.8,5,"· 모던한 인테리어와 친절한 서비스를 제공하는 에이큐브 호텔입니다.· 광장시장과 방산시장, 평화시장이 가까워 쇼핑, 의류 쇼핑, 고급 요리 테마 여행을 원하시는 분께 강력 추천합니다.· 을지로4가역, 동대문역사문화공원역 어디서든 쉽게 찾아올 수 있는 최적의 위치입니다.",
12,3001069,0,호텔 썬비,2,4.8,130,"한국의 문화와 전통이 숨쉬는 인사동에 위치해있습니다.지하철 1호선 종각역 3-1번 출구에서 도보 6분, 3호선 안국역 6번 출구에서 도보 7분 거리에 위치해있으며 주변의 관광 명소를 도보로 편리하게 둘러보실 수 있습니다.호텔 문 밖을 나서면 인사동을 바로 둘러볼 수 있으며 익선동 도보 5분, 청계천과 북촌 한옥 마을 도보 10분, 광화문(경복궁), 삼청동, 명동이 도보 15분 거리에 위치해 있습니다.",
13,3001049,0,베니키아 강남 노블레스,1,4.2,156,"· 역삼 노블레스 호텔은 강남 역삼역 6번 출구 1분 거리에 위치하고 있으며, 코엑스 강남역과 가깝습니다.· GS타워, 스미토모 한국타이어 등 국내외 기업들이 많아 비즈니스 하기에 적합한 호텔입니다.· 24시간 운영되는 프런트 컨시어지, 소회의실이 준비되어 있습니다.",
14,3000816,0,Ever 8 신촌,0,4.4,211,"· 문화 중심지인 신촌, 이대역에 오픈한 서비스드 레지던스!· 군더더기 없이 깔끔한 객실 디자인으로 심플한 객실을 선호하는 고객님께 강력 추천합니다!",
15,3000592,0,센터마크 호텔,0,4.4,246,"· 인사동 중심에 위치해 광화문, 경복궁 등 서울 주요 관광지와 도보 1분거리에 위치하고 있어요 :)· 편안하고 안락한 하룻밤을 보장하는 최고급 헝가리산 오리털 이불, 순면 침구 세트가 제공됩니다.",
16,3001559,0,롯데시티호텔 명동,4,4.7,3141,"· 롯데 시티호텔 명동은 서울 시내 비즈니스와 쇼핑의 중심지인 명동과 서울의 오아시스인 청계천 사이에 위치하고 있습니다!· 탁트인 전망과 멀티 스타일리시 뷔페 레스토랑, 미팅룸, 피트니스 등을 갖춘 프리미엄 비즈니스 호텔입니다.· 성공적인 비즈니스와 만족스런 여행을 위한 최고의 실용성과 차별화된 서비스, 합리적인 가격으로 비즈니스 고객과 레저 여행객 모두에게 잊지 못할 추억을 선사합니다.",
17,3001558,0,롯데시티호텔 마포,3,4.8,2171,"· 롯데 시티호텔 마포는 국내외 비즈니스 고객과 관광객을 위한 객실특화형 프리미엄 비즈니스호텔입니다.· 공항철도와 지하철을 비롯한 대중교통 이용이 매우 편리하며, 서울 도심 및 시내 관광지로의 접근성이 뛰어납니다.· 금융, 비즈니스 중심지구인 여의도 및 서울역으로부터 차로 10분 이내 거리에 위치하며, 서울의 주요대학과도 인근에 위치하고 있습니다.",
18,3000821,0,로사나 부티크 호텔,0,4.5,1006,"· 잠실 석촌 호수의 아름다운 풍광을 한 눈에 볼 수 있는 부티크 호텔!· 잠실역과 롯데 백화점, 롯데월드에 인접해있는 최상의 위치!",
19,1000111960,0,호텔 DM,0,4.2,15,· 동묘앞역 인근에 위치한 호텔 DM입니다.· 동묘 시장과 가까워 관광을 즐기실 수 있습니다.· 1층 로비에서 카페테리아 이용 가능합니다.· 투숙기간 외 수하물 보관서비스를 제공합니다.,
20,1000111685,0,오마이호텔,0,4.4,51,· 동대문역 인근에 위치한 오마이호텔입니다.· 동대문과 가까워 관광을 즐기실 수 있습니다.· 여성 고객도 안심하고 숙박 할 수 있는 곳 입니다.· 주차가 불가하므로 도보 이용을 부탁드리겠습니다.,
21,1000110953,0,메이커스 호텔,2,4.5,70,"· 합리적인 도시 여행을 위한 감각적인 호텔, MAKERS HOTEL에서 합리적인 가격으로 만나는 개성있는 디자인과 최상의 서비스를 경험해보세요.· 독특한 디자인과 개성 넘치는 소품, 그리고 자체 주문 제작한 핸드메이드 가구들까지 고민들 통해 완성한 호텔입니다.· 호텔이 위치한 서울의 전통이 살아있는 여행의 요충지 종로 3가에서 놀라운 여행의 시작을 경험해보세요.",
22,1000110398,0,강남 648호텔,0,3.7,6,"· 연예인 광고 촬영지로 각광 받는 부티크 호텔이랍니다.· 쾌적한 실내환경과 다양한 디자인의 객실을 갖춰 항상 색다른 느낌을 드려요.· 역삼역 4번, 강남역 12번 출구에서 도보 5분 이내로 걸리는 최적의 위치로 어디서나 찾아오시기 편해요:)",
23,1000110234,0,이코노미호텔 명동 프리미어점,0,3.5,9,"· 이코노미호텔 명동 프리미어는 유명한 명동 거리에 위치해 있습니다.· 훌륭한 입지를 자랑하는 이 호텔은 지하철 4호선 명동역에서 도보로 단 1분 거리에 있으며, 무료 Wi-Fi가 완비된 아담한 전용 객실을 보유하고 있습니다.· 여러 상점, 디저트 카페, 레스토랑, 바가 자리한 명동 거리가 호텔에서 도보로 오갈 수 있는 거리에 있습니다. 유명한 쇼핑 지구인 동대문은 지하철로 3정거장 거리에 있습니다.· 김포 공항까지는 차로 40분, 인천 국제공항까지는 차로 1시간이 소요됩니다.",
24,1000109463,0,종로 엠앤럭키호텔,0,4.8,7,"· 엠앤럭키호텔은 역사와 문화가 살아숨쉬는 종로에 위치한 부티크호텔로써, 모던한 디자인의 객실과 감각적인 소품, 다양한 편의시설을 보유한 신개념 호텔입니다.· 종로 귀금속 거리와 탑골공원, 피카디리 CGV 뒤에 위치한 최상의 상권에 위치하였으며 종로3가역에서 5분 거리에 있습니다.· 문화의 중심 종로에 위치한 부티크 호텔로써, 모던한 디자인과 다양한 편의시설을 보유한 신개념 호텔입니다.",
25,1000103516,0,라인 호텔 명동,0,4.4,131,"· 을지로입구역 도보 1분 내에 위치 · 명동, 인사동, 종로 등 도보 이동 가능 ",
26,1000099454,0,홍대 더 그레이 호텔,0,4.2,31,"· Ralax in our Hotel The Gray· 현시대 트렌드에 맞춰 멋스러움과 개성, 고급스러움이 공존하는, 56개의 다양한 인테리어 조화로 세련된 디자인을 보입니다.· 화려하고 아름다운 조명과 최상의 침구 및 가구류 고급용품으로 편안하고 만족스러운 라이프를 제공합니다.· 활기있는 젊음의 중심 홍대와 접근성이 좋으며, 열정과 힘이 넘치는 상암 월드컵 경기장 부근으로 다양한 목적에 적합한 휴식공간이 될것입니다.· http://www.hotelthegray.co.kr /  T. 02-305-5200, F. 02-304-7820",
27,3020513,0,천호 라뷰 호텔,0,1.0,13,· 빈티지한 감성에 품격을 더한 럭셔리 호텔 천호 라뷰 호텔입니다.· 천호역 3번 출구 도보 3분 거리에 위치해 접근성이 뛰어납니다.· 객실 내 주차대기 콜 시스템이 구비되어 있습니다.,
28,3014261,0,호텔 더 블루 천호,0,5.0,30,· 대중적이면서 개성 있는 도심 속 부티크 호텔입니다.· 천호역 3번 출구에서 도보 3분 거리에 위치해 있습니다.,
29,3013608,0,호텔 세느 강남,2,4.9,258,"· 고급스럽고 모던한 인테리어로 깔끔한 객실 컨디션을 제공합니다.· 합리적인 가격에 도심 속 여유로운 휴식처를 찾는 분들에게 최적의 호텔입니다.· 역삼역, 언주역에서 도보로 약 5분 거리에 위치해 있습니다.",
30,3012752,0,호텔 토마스 명동,3,4.6,304,"· 최고의 입지 접근성과 가치 면에서 합리적 가격에 편안한 서비스를 제공하는 호텔 토마스 명동입니다.· 최신식 호텔 설비와 모던하고 심플한 객실 분위기, 편안한 휴식을 선사합니다.· 2호선 시청 전철역까지 도보 3분 거리, 명동, 남대문시장까지 도보 5분 거리, 경복궁, 북촌, 서촌, 청계천, 역사박물관 등 관광 핫플레이스 인근에 위치해 있습니다.",
31,3009726,0,호텔 컬리넌 건대 2,1,3.5,251,"· 호텔 컬리넌 건대는 Urban Lifestyle을 모토로 하여, 도시의 에너지가 넘치는 공간을 제공합니다.· 각각의 객실에 다양한 스타일이 넘치도록 디자인되어 세심한 서비스와 함께 고객분들께 소중한 추억의 장소로 남도록 최선을 다하겠습니다.· 어린이대공원역에에서 도보로 10분, 건대입구역에서 약 20분 거리에 있어 찾아오기 쉽습니다.",
32,3006873,0,디 아티스트 호텔 역삼점,0,4.1,130,"· 품격있는 디 아티스트호텔에서 신선하고 경쾌한 공간, 깔끔하고 단정한 서비스를 즐겨보세요.· 분위기있는 조명, 포근한 침구, 고급 욕조를 배치해 신선하고 경쾌한 분위기를 제공합니다.· 역삼역 8번 출구 도보 3분 거리로 최상의 위치를 자랑합니다.",
33,3002295,0,코코모 호텔,2,4.5,465,"· 신선하고 경쾌한 공간, 깔끔하고 단정한 서비스를 제공하는 부티크 호텔 코코모에 오신 것을 환영합니다.· 구로역 인근의 유일한 부티크 호텔로서 고객에게 합리적인 휴식을 제공하고 지역 사회를 위해 새로운 라이프스타일을 제시해 나갑니다.· 독특하고 개성 있는 건축 디자인과 인테리어, 아늑한 분위기에서 편안한 쉼을 누리시기 바랍니다.· <코코모 호텔 공지의 글>· 저희 호텔에서는 고객님들께서 안심하고 이용하실 수 있도록 주기적으로 방역(월 3~4회) 작업을 진행하고 있습니다.서울시에서 클린존으로 인정을 받았으며, 추가적으로 손소독제 비치와 전직원 마스크 착용을 의무화 하여직원과 고객의 안전을 최우선으로 영업하고 있습니다. 많은 이용 부탁드리겠습니다. 감사합니다.",
34,3001967,0,뜨랑블루 호텔,0,4.3,709,"· 달콤한 휴식을 즐기기에 충분한 휴식공간, 뜨랑블루 호텔에서 특별한 하루를 즐겨보세요.· 감각적인 디자인 객실로 로맨틱한 휴식을 가지기에 적합합니다.· 신림역 5번 출구에서 도보 3분 거리, 신림동 먹자골목, 순대타운과 가까이 있어 찾아오기 쉽습니다.",
35,3001789,0,왕십리 포레스타 호텔,0,3.9,206,· 포레스타는 숲이라는 뜻의 이탈리아어로 포레스타 호텔은 숲과 같은 편안한 휴식공간을 제공합니다.· 특별한 여러분을 위한 숙박 서비스를 제공하며 일상에 지친 심신의 활력을 되찾아 드립니다.· 왕십리역에서 도보 2분 거리로 찾아오기 쉽습니다.,
36,3001596,0,강남 녹스 호텔,0,2.5,42,"· 단순히 잠만 자는 개념에서 벗어나 여가와 엔터테인먼트적 요소를 품은 녹스 부티크 호텔입니다.· 바로 앞의 테헤란로를 통해 강남지역 및 코엑스, 롯데월드에 접근하기 용이한 지리적 위치!· 2호선 역삼역에서 도보로 5분, 르네상스호텔 인천공항정류장에서 3분 거리에 위치하고 있어 어떤 교통수단을 이용하든 짧은 시간 내에 도착할 수 있습니다.",
37,3001465,0,노원 노블레스 관광호텔,2,4.2,193,"· 노블레스 관광호텔은 동북부에 자리한 최고의 관광호텔로서 우아하면서도 아늑한 분위기를 자아내는 객실과 다양한 부대시설을 갖추고 있어 고객님의 오감을 만족시킬 최상의 휴식공간이 될 것입니다.· 대중교통 하나로 강남, 강북의 핫플레이스 지역을 빠르고 편리하게 이용할 수 있는 최적의 입지에 위치하고 있습니다.",
38,3001358,0,이태원 크라운 호텔,3,4.3,1255,"· 합리적인 가격에 친절하고 서비스 좋은 호텔로 소문난 이태원 크라운 호텔입니다.· 녹사평역에서 도보 10분 거리로 접근성이 좋고 이태원역과도 가까워서 이태원, 경리단 나들이 하시는 분들께도 추천드려요!",
39,3001305,0,호텔 미도 명동,0,2.4,9,"· 호텔 미도는 서울의 중심 남대문에 위치해있으며 회현역 1분, 명동과는 5분 거리! 또한 주변에 관광 명소 숭례문, 덕수궁 및 N서울 타워가 가까워 서울 관광에 최적인 호텔입니다. :D· 아늑하고 청결한 객실, 친절하신 직원분들이 24시간 프론트에 상주해 있습니다.",
40,3001270,0,뉴서울 호텔,3,4.4,109,"· 뉴서울 호텔은 비즈니스맨과 관광객에게 최상의 호텔로 주목받고 있습니다.· 서울의 중심부에 위치하고 있어서 교통이 편리하며 레스토랑, 비즈니스 센터 등의 부대시설을 갖추고 있어요!· 지하철 시청역, 광화문역에서 도보 5분 이내이며 종각역, 을지로입구역에서 도보 10분 거리에 위치해 있어요:D",
41,3001086,0,케이팝 호텔 서울역,0,4.0,62,"· 서울역 지하철 4호선 10번, 11번출구 바로 앞에 위치하고 있어 쉽게 찾을 수 있습니다.· 주변에는 남산공원을 도보로 이동 할 수 있고, 남대문, 시청, 명동, 광화문과도 가까워 경제적인 비용의 서울여행에 적합한 숙소입니다.· 지하에 위치한 공용라운지에서 취사가 가능하며, 세탁기, 컴퓨터, 스팀다리미, 음료 등을 무료로 이용가능합니다.",
42,3001073,0,남산 힐 호텔,0,4.0,26,"· 2014년 신규 오픈한 남산 힐 호텔은 남산 공원 근처에 위치한 1급 호텔로 남산의 계절의 정취를 바로 가까이에서 느끼실 수 있습니다.· 서울의 대표적 쇼핑지인 남대문시장과 명동에 인접하여 쇼핑과 문화의 최적의 접근성을 가지고 있어요!· 주변의 덕수궁, 청계천, 남산타워, 인사동 등의 관광지로도 손쉽고 빠르게 이동이 가능합니다!· 회현역 1번 출구에서 도보 7분 거리로 남산 매표소 입구 바로 근처에 위치해있어요:)",
43,3001016,0,프레이저 플레이스 센트럴,0,4.8,260,"· 싱가포르 계열의 인터네셔널 서비스드 레지던스 브랜드· 객실과 침실이 분리되어 있으며(스튜디오 제외) 전 객실에 주방 시설이 완비된 고급형 레지던스.· 1호선 서울역, 2호선 시청역, 5호선 서대문역 등으로 용이하게 도보로 이동 가능한 위치.· 가족 단위 고객님들을 위한 실내 수영장과 어린이 풀장, 어린이 놀이방이 마련.",
44,3001006,0,Chason M (체이슨 엠),0,4.1,13,"· 체이슨 엠은 체이슨 그룹의 디자인 호텔 체인입니다. 체이슨 엠은 <도시의 감성을 경험하다>라는 주제로 즐거운 이미지와 다양한 고객 편의를 제공합니다.· 체이슨 엠과 행복한 순간을 경험하세요.· 지하철역과 1분 거리로 경희대학교, 외국어대학교, 시립대학교를 도보로 이동 가능하며, 동대문 쇼핑세터, 인사동, 청계천, 명동 등 주변의 관광지로 쉽게 이동이 가능합니다.· 취사도구가 완비된 공동주방에서 간단한 음식을 해드실 수 있습니다.· 무료 공용세탁기와 유료 건조기가 라운지에 설치되어 있습니다.",
45,3001005,0,현대 레지던스,0,4.1,524,"· 깔끔하고 포근한 화이트톤의 객실로 투숙객 여러분께 편안한 휴식 공간을 제공해드리는 레지던스입니다!· 충무로에 위치해 지하철 2,3,4,5호선과 바로 연결되는 편리한 교통망을 자랑합니다!!· 명동, 을지로, 동대문 쇼핑센터 등 시내 중심가와 인접하여 비즈니스 뿐만 아니라 볼거리와 먹거리 관광투어에도 탁월한 위치입니다 :)",
46,3000829,0,센트럴 관광호텔,2,3.7,235,· 종로3가와 을지로3가 사이에 위치하여 서울 여행의 중심지인 청계천이 호텔 입구에서 도보 1분거리로 가까워요.· 1969년 설립되어 호텔 외관은 매우 낡았지만 객실은 2012년 9월 전면 리모델링되어 모던한 느낌을 준답니다!,
47,3000797,0,라뉘 신촌,0,4.5,108,· 98객실 규모로 다른 호텔에 비해 넓은 객실과 주차 시설을 자랑합니다.· 신촌역 7번출구에서 도보 5분 거리로 차량 없이도 편리하게 호텔을 이용 가능합니다.· 동일한 테마 없이 모두 다르게 꾸며져 있는 호텔 라뉘를 만나보세요!,
48,3000757,0,호텔 스타 종로,0,0,27,· 최고급 인테리어 자재만을 사용한 다양한 컨셉의 객실!· 로비에 신분증을 맡기시면 헤어 매직기와 휴대폰 충전기를 대여하실 수 있어요.,
49,1000105894,0,머큐어 앰배서더 서울 홍대,0,4.9,1227,"· 2020년 8월 1일 Grand Open! · 세계적인 호텔 체인 아코르 그룹의 머큐어 브랜드가 도시예술, 인디음악 및 다양한 엔터테인먼트로 유명한 홍대에서 고객분들을 맞이합니다.· 홍대 맛집, 카페, 쇼핑거리 및 연남동에서 도보거리에 위치해 있으며 인천공항, 김포공항에서 편리하게 접근할 수 있습니다. · 세련된 인테리어와 객실 내 다양한 즐길거리를 제공하는 머큐어 앰배서더 서울 홍대만의 라이프 스타일을 경험하세요.",
50,1000105172,0,목시 바이 메리어트 서울 인사동,0,4.8,843,"· 핫플레이스 익선동, 인사동 부근에 위치한 MOXY SEOUL INSADONG 입니다.· Play Moxy, Rooftop BAR 등 다양한 부대시설을 이용하며 편안한 휴식시간을 즐기실 수 있습니다.· 종로3가역과 매우 인접해 있어 이동이 편리하며 종묘, 창덕궁 등 다양한 문화관광지까지 도보 이동이 가능합니다.· 전 객실에서 넷플릭스 시청이 가능합니다.· '목시서울인사동' 카카오플러스 친구 추가시, 익선동 핫플 할인 혜택 제공(자세한 사항은 프론트에 문의하세요)",
51,1000104958,0,호텔 포코,2,4.3,400,"호텔포코 성수점은 성수역 바로 앞, 카페거리 중심에 위치하고 있습니다.스탠다드 룸 뿐만 아니라 넷플릭스 시청이 가능한 프라이빗 시네마 패키지 룸과 프라이빗 파티가 가능한 루프탑 스위트 룸 등 다양한 객실을 구비하고 있습니다.· 호텔 포코성수점은 80개의 객실과 복합문화공간, 에스로우 매장을 갖춘 라이프 스타일 호텔입니다.· 강북과 강남을 잊는 교통 요지에 위치해 있고 객실마다 준비된 편안한 침대와 친절한 서비스로 고객들이 편안하게 묵을 수 있습니다.",
52,1000102261,0,나인트리 프리미어 호텔 인사동,0,4.8,1987,화려한 도심속에 살아 숨쉬는 우리의 멋과 일상의 여유가 가득한 인사동에 위치하여한국전통의 향취와 함께 편안한 휴식을 선사하는 나인트리 프리미어 호텔 인사동입니다.,
53,1000101862,0,오라카이 대학로 호텔,4,4.8,2150,"· 2019년 9월 Grand Open! · 대학로, 서울대학교병원, 창덕궁, 종묘 근접 ",
54,10041489,0,호텔 U5,3,4.2,38,· 을지로에 위치한 편리한 입지와 편안한 서비스를 제공합니다.· 을지로4가역 6번 출구에서 도보로 5분 거리에 자리하고 있습니다.· 고객여러분의 편의를 최우선으로 최적의 서비스를 제공합니다.,
55,3017023,0,오라카이 청계산 호텔,4,4.6,998,· 오라카이 청계산 호텔은 비즈니스에 최적화된 다양한 시설과 품격 있는 서비스를 더하여 고객님을 맞이합니다.· 이 곳에 머무는 동안 고객님은 호텔 앞에 펼쳐진 청계산 자락의 맑은 공기를 느끼며 도심 속 휴식을 느낄 수 있습니다.· 도심 한 가운데에 있는 그림과 같은 청계산을 오르거나 근처 양재 시민의 숲길을 따라 산책하며 아름다운 경치를 즐길 수 있습니다.,
56,3015974,0,홀리데이인 익스프레스 서울 홍대,3,4.7,3575,"· 2018년 9월 1일 그랜드 오픈!· 서울의 젊음과 예술의 중심지 홍대에 위치한 새로운 Holiday Inn Express Seoul Hougdae입니다. · 다양한 음식과 먹거리, 쇼핑문화를 즐길 수 있으며, 홍대입구역 지하철과 버스 정류장에서 매우 가까이 위치해 있습니다.",
57,3013410,0,페어필드 바이 메리어트 서울,0,4.6,11947,"· ★가성비, 피크닉시즌 추천호텔★· 페어필드 바이 메리어트 서울은 556개의 현대적인 디자인의 객실을 갖추고 있으며 초고속 무선인터넷 및 업무차 투숙하는 고객에게 적합한 서비스를 제공합니다.· 페어필드의 따뜻한 서비스 철학과 서비스 정신을 바탕으로 적극적인 서비스로 고객께 최고의 편안함과 즐거움을 선사해 드립니다.",
58,3012441,0,라마다 서울 신도림,0,4.8,1625,"· 현대적인 감각을 반영하여 설계된 라마다 서울 신도림의 편안함과 여유로움을 만끽하실 수 있습니다.· 여행객 뿐만 아니라 비즈니스 고객들을 위한 라마다 신도림 서울 호텔의 세심한 서비스를 직접 경험해 보시길 바랍니다.· 1,2호선 신도림역 광장 도보 5분 내에 위치하고 있어 편리한 교통 접근성을 자랑합니다.",
59,3012201,0,L7 홍대 바이 롯데,0,4.7,1724,"· 언더그라운드 문화와 예술의 중심지, 홍대 앞 예술적인 감성 가득한 멋진 사람들의 이야기가 담겨 있는 L7 홍대는 평범한 일상을 축제로 만드는 유쾌한 문화 스테이션입니다.· 홍대 지역을 찾는 이들의 개성과 취향을 반영한 세련된 인테리어와 디자인 소품이 조화를 이루는 객실은 차별화된 휴식 공간을 제공합니다.· 루프탑 바와 수영장, 홍대 지역 특유의 문화를 반영한 다양한 문화 콘텐츠로 색다른 경험과 함께 호텔 그 이상의 가치를 추구합니다.",
60,3008569,0,골드리버 호텔,3,4.7,3234,"· 골드리버 호텔은 국내 IT 벤처 기업이 모여있는 가산IT단지내에 위치하고 있습니다. 1,7호선 가산디지털단지역 5번출구에서 도보 7분거리에 있습니다.· 호텔 바로 앞을 지나쳐 흐르는 안양천은 계절마다 독특한 아름다움을 담고 있으며, 호텔 조경으로서 한적하면서도 운치있는 분위기를 연출해 줍니다.· 하천을 따라 산책로와 하천 공원 등이 조성되어 있어서, 산책을 즐기고자 하시는 고객님들께서는 가벼운 마음으로 부담없이 여유를 만끽하실 수 있습니다.",
61,3008549,0,도미인 서울 강남,3,4.7,2472,"· ※ 코로나19 상황에 따른 정부 지침 방향에 따라 부대시설 운영 정보가 변경 될 수 있습니다.· 조식은 현재 뷔페로 운영중이나 강화 지침에 따라 변경될 가능성이 있습니다.· 투숙객 특별 제공!· 웰컴드링크 + 목욕탕 + 야식라멘 무료 제공· 일본식 간장라면 레스토랑에서 제공(21:00~22:30/ 22:20 입장마감)· 웰컴드링크 무제한 제공!(14:00~24:00)· 메뉴: 커피,각종 티백제공· 모든 투숙객 목욕탕 무료이용(남/여)· 대욕장 이용가능시간:OPEN:오후15:00~ CLOSE:다음날 오전 10시· 특정객실로 변경시 추가금액 발생 : 현장지불· 채광을 충분히 도입한 현대적이면서도 개방적이고 밝은 공간으로 다양한 목적에 맞추어 모든 고객님이 최고의 여행을 보낼 수 있는 서비스를 제공합니다.· 몸과 마음이 편히 쉴 수 있는 호텔을 목표로 하여 비즈니스, 관광 등 다양한 목적에 맞추어 여러분의 여행을 도와 드립니다.· 신논현역, 언주역에서 도보로 약 5분 거리로 어디서든 가까이 찾아오기 좋은 최상의 위치를 자랑합니다.",
62,3001680,0,아만티 호텔 서울 홍대,4,4.7,2151,"· 2021 하절기 야외수영장(유료, 성인전용) 운영기간 종료· 젊음과 낭만, 예술과 문화의 중심지로 대변되는 홍대에 위치한 AMANTI SEOUL에서 분주한 일상에 벗어나 도심 속에서 여유롭고 편안한 휴식을 느껴보세요.· 고품격 시설과 휴식, 숙박, 식사, 비즈니스, 문화, 엔터테인먼트 등까지 한번에 만족 할 수 있는 고객중심의 서비스를 제공합니다.· 독특한 홍대만의 이색 문화와 여유롭고 아기자기한 연남동만의 분위기를 특별한 이동수단없이 도보로 즐길 수 있습니다.",
63,3001664,0,명동 티마크 그랜드 호텔,4,4.7,1051,"· 다양한 부대시설, 모던한 객실과 남산이 보이는 자연의 낭만을 동시에 만끽할 수 있는 명동 티마크 그랜드 호텔입니다.· 명동 티마크 그랜드 호텔의 현대적 시설과 격조 높은 서비스는 휴식을 위해 편안함과 즐거움을 선사합니다.· 회현역 2번 또는 3번 출구에서 도보 2분 거리로 명동, 남대문, 서울역 등을 편리하게 이동 가능한 최상의 위치에 있습니다. ",
64,3001542,0,신라스테이 광화문,3,4.6,2207,"· 종묘, 4대 고궁을 비롯한 문화유적지, 세종문화회관, 북촌 한옥마을, 인사동, 명동 등이 인접해 있어 문화와 관광을 함께 즐기기에 좋습니다.· 모던하고 쾌적한 객실과 더불어 고급 침대, 거위털 침구, 아베다 고급 욕실 어메니티 등을 제공합니다! 한 단계 업그레이드된 휴식을 경험해보세요.· 서울시청, 정부 서울 청사, 외교부 등의 주요 공공기관과 국내 주요 언론사, 서울파이내스 센터 등이 인접해 있어 비즈니스 고객을 위한 편리한 접근성을 자랑합니다.",
65,3001446,0,인터시티 서울 호텔,0,4.4,3296,· 인터시티 서울 호텔은 레지던스형 호텔로 럭셔리하고 세련된 인테리어의 객실들을 갖추고 있습니다.· 2015년 신규 오픈한 호텔! 최신식 시설과 깨끗한 시설을 자랑합니다.· 마곡지구에 들어선 최초의 레지던스형 비즈니스 호텔 인터시티 서울 호텔은 공항 인근에 위치해 이동성 Good! 5분이면 발산역 먹자골목까지! Good Good!,
66,3001415,0,신라스테이 마포,3,4.6,4700,"· 홍대, 이태원, 서울역, 여의도 등 중심가 인근에 있어 쇼핑과 도심 속 여행을 즐기기에 최적의 호텔입니다.· 공덕역 1번 출구 도보 3분 거리의 최적의 위치를 자랑합니다.· (총 4개 노선 운행 지하철 5호선, 6호선, 경의중앙선, 인천공항 공항철도)· 전 객실 40인치 LED TV, 아베다 어메니티, 투숙객 피트니스 및 비즈니스 센터 무료 이용 가능 등, 최상의 휴식을 위한 품격 있는 객실과 신라만의 고객 맞춤 서비스가 준비되어 있습니다.",
67,3001396,0,신라스테이 서대문,3,4.6,2979,"· 한국을 대표하는 호텔 브랜드, ""호텔 신라""의 가치를 담은 신라 스테이 서대문이 GRAND OPEN 하였습니다.· 주변 관광지 남대문, 덕수궁, 숭례문, 경복궁 등과 인접하여 관광에도 적합합니다.· 안락한 휴식을 위한 아베다 브랜드의 어메니티가 제공됩니다! ",
68,3001387,0,호텔 페이토 강남,3,4.7,1173,"· ""2019 미쉐린 가이드 선정 호텔"" 호텔 페이토 강남입니다.· 캐나다 페이토 호수의 아름다운 자연에서 영감을 얻은 감각적인 호텔로 유니크한 컨셉의 객실을 갖추고 있습니다.· 최상급 거위털 침구와 어메니티, 깨끗한 우드 플로어로 마감된 아름다운 객실에서 특별한 하루를 보내보세요.· 양재역 2번 출구 도보 5분 거리의 최상의 위치를 자랑합니다.· 프렌치 레스토랑에 온 듯한 고급스러운 분위기의 조식당 Cafe PO:Z 에서 맛있는 식사를 즐겨보세요.· 3호선을 이용하여 SRT 수서역으로의 접근이 용이합니다. ",
69,3001210,0,이비스 스타일 앰배서더 서울 명동,3,4.4,523,· 충무로 영화의 거리를 컨셉으로한 스타일리쉬한 객실에서 명동 전경을 즐기는 여유를 누려보세요!· 루프탑 바에서는 명동의 스카이라인과 야경을 한 눈에 볼 수 있어요.· 명동역 도보 5분거리로 주요 관광지와 매우 가깝습니다.,
70,3001075,0,글래드 여의도,4,4.7,2640,"· 한국소비자포럼 주최의 '2021 올해의 브랜드 대상' 어워드에서 글래드 호텔이 '올해의 라이프 스타일 호텔 부문 1위'로 3년 연속 선정되었습니다.· 독창적이면서 효율적인 공간, 집에 머무르는 듯 아늑한 객실, 위트와 친근함이 느껴지는 디자인, 있어야 할 것은 더 충실히 갖추고 없어도 될 것은 과감하게 간소화한 어메니티와 서비스 이 모든 것을 관통하는 글래드 호텔 여의도의 핵심 가치는 ‘실용성과 친근함’ 입니다.· 글래드 여의도는 강남, 용산, 종로, 마포 등 문화와 비즈니스의 거점과 인접, 또한 공항 및 주요 터미널에 근접한 최적의 입지를 갖추고 있습니다.· 여의도 더 현대백화점 도보 10분 소요, 5호선지하철 1정거장 소요",
71,3001032,0,어반플레이스 강남,0,4.4,1942,"· 도심형 레지던스 호텔로 대한민국 비즈니스의 메카 강남역에 위치해있습니다!· 모던한 객실과 각종 부대시설은 고객 중심의 합리적인 서비스를 바탕으로, 최고의 여행, 성공적인 비즈니스를 위해 최선을 다해 도와드리겠습니다!",
72,3001027,0,서울가든호텔,4,4.7,1814,"· 화이트톤의 깔끔한 실내 인테리어에 은은한 조명과 석양이 더해지는 로맨틱한 분위기를 즐겨보세요!· 마포-여의도로 연결되는 비즈니스 타운의 중심에 위치해 있으며, 인천공항에서 가장 가까운 서울 시내 특급호텔입니다.",
73,3000643,0,호텔 피제이 명동,4,4.6,2212,"· ★클린존 지정호텔★ 코로나바이러스를 대비하여 철저한 위생관리와 방역처리를 진행 하고 있습니다. (투숙객 발열 검사, 전 직원마스크착용, 매일 호텔 내부 및 전객실 방역 소독 실시)· 작은 발코니와 티테이블을 갖춘 넓고 깨끗한 객실(일부객실제외)· 투숙 고객 무료 주차 가능. 호텔 내 주차장 만차 시, 을지트윈타워(도보 5분거리) 주차장을 이용해 주시기 바랍니다.(주차료 호텔 지불)· 지하철 2, 4, 5호선과 인접하고 서울 시내 곳곳을 셔틀버스로 운영하여 교통이 편리합니다. (셔틀버스 운행: 금요일만 운행, 자세한 셔틀버스 운행정보, 승하차 지점, 운행시간은 홈페이지를 참고해 주시기 바랍니다.)· 을지로 4가에 위치하여 광장시장까지 도보로 5분 거리, 명동, 남대문, 동대문, 남산 등으로의 접근성이 뛰어납니다.",
74,3000613,0,코리아나 호텔,4,4.7,441,"· 관광 명소 중심지인 광화문, 경복궁, 청계천 도보 5분거리 위치입니다.· 우리나라의 역사와 정취가 느껴지는 고궁들에 둘러싸여 즐기는 기품 있는 휴식을 즐겨보세요.",
75,3000597,0,스탠포드 호텔 서울,4,4.7,1433,"· 감각적인 객실 인테리어로 뉴욕 최신식 호텔에 온 듯한 느낌을 주는 세련된 호텔입니다.· 특급호텔 셰프가 조리하는 격조 높은 호텔식 뷔페를 즐길 수 있는 '카페 스탠포드'와 어쿠스틱 음악과 생맥주, 요리들로 채워진 고풍스러운 분위기 속에서 느끼는 뉴욕의 감성 '맨하탄 그릴&바'에서 도심 속 휴식을 즐겨 보세요.· 상암동 디지털 미디어 시티에 위치! 인천국제공항 30분, 김포공항 15분, 일산 킨텍스 10분, 서울 중심부로부터 30분 내에 위치해있습니다.",
76,1000113045,0,디어스명동 (충무로) 호텔,0,4.6,257,· 충무로역에 위치한 디어스명동 호텔 입니다.· 호텔 내 루프탑 / 라운지는 현재 운영 준비중 입니다.· 주차가 불가하므로 인근 주차장 이용을 부탁 드립니다. (인근 주차 문의 : 02-2079-8500),
77,1000109813,0,파크 하얏트 서울,5,4.9,282,"· 하얏트 브랜드의 5성급 최고급 부티크 호텔로, 모든 객실에서 전면 통유리창을 통해 환상적인 도심 전경을 감상할 수 있습니다.· 2호선 삼성역 1번 출구 바로 앞에 위치하고 있으며, 주변 관광지로는 코엑스몰과 무역센터가 도보로 3분 거리에 있습니다.· 호텔 내에는 정통 이탈리안 레스토랑인 '코너스톤', 최고층에 자리한 '더 라운지', 전통 가옥 느낌의 일식 다이닝 바 '더 팀버 하우스' 등이 있어 다이닝 선택의 폭이 넓습니다.· 고객과 직원의 안전과 웰빙을 위해 호텔 내 마스크 착용은 필수임을 알려드립니다. 미 착용 시, 호텔 이용이 제한될 수 있습니다.· 코로나19에 대응하여 하얏트는 여러분의 웰빙을 위해 여러 조치를 취하고있습니다. 강화된 예방조치로 모든 객실, 레스토랑, 공공장소를 청소하고 소독하여 고객님과 고객님의 소중하신 분들을 위해 안전한 환경을 제공하는데 최선을 다하고있습니다.",
78,1000104461,0,나인트리 호텔 동대문,0,4.8,2209,"· 2020년 1월 14일 GRNAD OPEN  '나인트리 호텔 동대문'은 모던하고 실용성있는 최상의 시설과 서비스를 제공합니다.· 심플하고 모던한 나인트리 호텔 동대문은 아늑하고 실용적인 총219개의 객실과 레스토랑 및 카페를 운영합니다. 또한, 스마트 서비스를 경험할 수 있는 셀프체크인/체크아웃 머신 Kiosk, 투숙객을 위한 Lounge 9, 셀프 락커 룸 등은 스마트 트래블러에게 가장 만족스러운 투숙을 선사합니다.· 나인트리 호텔 동대문은 K-Fashion의 심장이자 디자인/창조산업의 발신지인 동대문 패션타운과 동대문디자인플라자(DDP)와 근접해 있어 쇼핑과 문화를 즐기기 위한 최적의 조건을 자랑합니다.",
79,1000101565,0,라마다 호텔앤스위트 서울 남대문,0,4.5,1252,"· 서울의 중심인 시청역에 위치하여 명동과 광화문, 경복궁 근접",
80,3016266,0,에이든 바이 베스트웨스턴 청담,3,4.6,1722,"· 2018년 9월 에이든 바이 베스트웨스턴 청담 Grand Open!· 에이든 바이 베스트웨스턴 청담은 Best Western Hotels & Resorts에서 한국에 처음으로 선보인 라이프 스타일 부티크 호텔입니다.· 세련된 젊은 감각이 강조된 인테리어와 더불어 안락한 객실은 비즈니스맨과 여행객들에게 최고의 편안함과 실용성을 동시에 선사해드립니다.· 트렌드의 중심지인 강남 가로수길과 명품거리 청담동이 인근에 있어 원스톱으로 최신 패션, 뷰티 트렌드를 한 눈에 보며 여가, 엔터테인먼트 외식을 함께 해결 할 수 있습니다.",
81,3015823,0,노보텔 앰배서더 동대문 호텔 & 레지던스,5,4.8,1482,"· 매월 첫번째 월요일은 키즈존, 피트니스센터, 실내/루프톱 수영장 정기 휴관일 입니다.· 노보텔 앰배서더 서울 동대문은 쇼핑, 엔터테인먼트, 문화, 비즈니스가 공존하는 동대문에 위치한 글로벌 호텔 그룹 아코르호텔의 노보텔 브랜드 호텔로서 최상의 시설과 고품격 서비스를 제공합니다.· 흥인지문의 처마를 모티브로 모던하고 안락한 인테리어가 돋보이는 331실의 호텔 객실과 편의 주방시설을 갖춘 192실의 레지던스와 더불어 올데이 다이닝 뷔페 레스토랑, 로비라운지 바, 델리, 매력적인 루프톱 바와 야외 수영장, 피트니스와 사우나 등을 갖추고 있어 도심 속 일상을 벗어나 색다른 느낌의 휴식을 즐기실 수 있습니다.",
82,3012039,0,더 스테이트 선유,0,4.7,3101,"· 2017년 12월 GRAND OPEN! 고급스러운 모던 인테리어로 아늑하고 깔끔한 객실 컨디션을 선사합니다.· 김포공항, 인천공항 등과 인접해 있어 비즈니스 고객, 여행 고객 모두에게 만족 줄 수 있는 호텔입니다.· 선유도역 1번, 2번 출구에서 도보로 약 2분 거리에 위치해 있습니다.",
83,3012015,0,글래드 강남 코엑스센터,0,4.7,2257,"· 한국소비자포럼 주최의 '2021 올해의 브랜드 대상' 어워드에서 글래드 호텔이 '올해의 라이프 스타일 호텔 부문 1위'로 선정되었습니다.· GLAD 체인호텔로, 모던한 디자인의 객실을 보유하고 있습니다.· 삼성역 1번 출구 도보 10초 거리에 위치한, COEX 인근 가장 합리적인 가격의 호텔 입니다.· 코엑스, 도심 공항 터미널, SM Theater, 잠실 종합운동장 등 편의시설이 모두 차량 5분 이내 거리에 위치하고 있습니다.",
84,3009497,0,나인트리 프리미어 명동2,4,4.8,3411,"· 편안한 휴식을 위한 공간과 즐거운 경험 그리고 믿을 수 있는 서비스를 제공하는 나인트리 프리미어 명동입니다.· 편안한(Comfortable) 공간에서 즐거운(Cheerful) 경험을 위한 믿을 수 있는(Credible) 서비스를 제공합니다.· 패션과 문화의 요충지 명동, 을지로3가역에 자리잡고 있어 지하철과 대중교통으로 접근이 용이합니다.",
85,3009026,0,호텔 유리앤,0,4.7,738,"· 2017년 GRAND OPEN! 호텔 유리앤만의 효율적이고 모던한 인테리어를 경험해보세요.· 유리앤만의 품격있고 고급스러운 공간에서 안락하고 여유로움을 찾아보세요.· 삼성역에서 도보로 약 7분 거리, 코엑스 입구 바로 앞에 위치해 있어 최상의 입지를 자랑합니다.",
86,3001877,0,솔라리아 니시테츠 명동,3,4.8,1471,"· 솔라리아 니시테츠 호텔 서울 명동은 코로나-19 예방 및 관리를 위해 중앙 방역대책 본부의 지침에 따라 예방대책을 준수 하고 있습니다.· 21층 프론트 열화상 카메라 설치 및 감독· 프론트 데스크 자외선 소독기로 상시 살균· 프론트 투명 가림막 설치 · 엘리베이터 항균 보호필름 부착· 명동의 거리를 한눈에 감상할 수 있으며, 높은 천장과 화려한 펜던트 라이트로 더욱더 개방적인 느낌을 연출했습니다.· 주위의 소음으로부터 벗어난 프라이빗한 공간으로 부드럽고 따뜻함이 느껴지는 친근한 디자인을 연출했습니다.· 명동역에서 도보 3분 거리의 최적의 입지로 서울을 만끽하실 수 있습니다.",
87,3001791,0,호텔 스카이파크 킹스타운 동대문점,0,4.7,2229,"· ★바이러스 안심 호텔 (매일 전문업체 방역 소독)★· 회의실, 연회장, 피트니스 시설, 취사시설, 편의점 등을 포함한 최신시설과 차별화된 서비스를 제공합니다.· 전자레인지, 싱크대 등의 세미키친이 구비된 킹스타운에서 내 집과 같은 편안함을 느껴보세요.· 동대문을 내려다 볼 수 있는 고층 뷰와 넓은 객실에서 일상과 해방되어 편안하고 안락한 휴식을 취할 수 있습니다.",
88,3000813,0,프레지던트 호텔,4,4.6,441,"· 서울 중심부인 '서울시청' 바로 앞에 위치하여 덕수궁, 서울광장, 남대문시장, 명동 등 서울 관광지와 도보 이동 가능 ",
89,3000665,0,바비엥 스위트 II,0,4.8,875,· 서울 중심업무지구에 위치한 인기높은 레지던스로 깔끔하고 넓은 객실에 합리적인 가격을 자랑합니다.· 세련된 분위기의 인테리어로 꾸며진 객실에서 고급스러움과 안락함을 느껴보세요!· 13평의 스튜디오 타입부터 TWO BEDROOM TYPE으로 이루어진 35평형까지 다양한 타입으로 구성되어 있습니다.· 근처에 하나로 마트가 있어 식재료 구입이 용이하고 지하철 서대문역에서도 가깝다는 장점 :D,
90,3000612,0,나인트리 호텔 명동,3,4.7,1159,"· 나인트리호텔 명동은 지하철과 대중교통으로 접근이 용이하며, 패션과 문화의 요충지 명동 중심에 위치해 있답니다.· 수준높은 서비스와 안락한 시설, 합리적인 가격으로 편안함과 즐거움을 동시에 제공해요.· 여행의 피로를 풀어줄 최고급 포켓 스프링 침대와 9종류의 선택 가능한 베개를 준비해두었답니다.",
91,1000113633,0,조선 팰리스 서울 강남 럭셔리 컬렉션 호텔,0,4.7,56,"· 조선 팰리스는 조선호텔앤리조트에서 선보이는 최고급 럭셔리 호텔입니다.글로벌 호텔 브랜드, MARRIOTT INTERNATIONAL의 럭셔리 컬렉션과 100년의 역사를 이어온 조선호텔앤리조트의 운영 노하우를 바탕으로 활기차고 새로운 호텔 문화를 제안합니다.· 메리어트 인터내셔널의 ‘럭셔리 컬렉션’ 브랜드는 세계적으로 유명한 호텔과 리조트들로 구성된 브랜드로, 세계 유수의 흥미진진한 관광 명소와 관문 도시를 거점으로 진정한 여행의 즐거움을 제공합니다.· 다른 곳에서 경험하기 어려운 특유의 분위기가 녹아 있는 호텔과 리조트의 아름다움과 그 지역과 호텔만이 갖고 있는 고유의 매력을 전합니다.· 1914년부터 이어온 조선호텔의 장인정신이 럭셔리 컬렉션과 만나, 조선 팰리스 서울 강남, 럭셔리 컬렉션 호텔이라는 국내 첫 번째 럭셔리 컬렉션 호텔을 선보입니다.",
92,3012800,0,글래드 마포,4,4.8,4812,"· ""글래드 호텔앤리조트"" 2021 올해의 브랜드 대상 '라이프 스타일 호텔 부분' 2019년에 이어 3년 연속 1위 수상· 글래드호텔에서는 신종코로나바이러스를 대비하여 철저한 위생관리와 방역처리를 진행하고 있습니다. ( 프론트 열감지시스템비치, 전 직원 마스크 착용, 신뢰높은 방역업체를 통한 DAILY 방역진행)· 독창적이면서 효율적인 공간, 집에 머무르는 듯 아늑한 객실, 위트와 친근함이 느껴지는 디자인으로 실용성과 친근함을 제공합니다.· 비즈니스맨들을 위한 최적의 위치, 공덕역과 마포역 인근에 위치하여 비즈니스를 위한 고객에게 가장 경제적인 동선을 제공합니다.· 호텔들의 무난하고 건조한 분위기를 탈피할 수 있도록, 디자인과 서비스에 GLAD HOTEL 특유의 친근함을 담았습니다.· 여의도 더 현대백화점 5호선 지하철 2정거장 소요",
93,3006832,0,호텔 엔트라 강남,0,4.5,647,"· 동북아 최대의 메트로 폴리스 서울, 명품샵들이 위치한 핫플레이스 청담! 중심에 호텔 엔트라 강남이 자리잡고 있습니다.· 고급스러움과 우아함이 담긴 세련된 감각으로 표현된 럭셔리 디자인 호텔입니다.· 편안함과 아름다움이 있는 공간, 감각적인 디자인 호텔로서 당신에게 새로움을 선사할 것 입니다.",
94,3002018,0,글래드 라이브 강남,4,4.6,2822,"· 한국소비자포럼 주최의 '2021 올해의 브랜드 대상' 어워드에서 글래드 호텔이 '올해의 라이프 스타일 호텔 부문 1위'로 선정되었습니다.· 트렌드와 품격을 기준으로 엄선한 Room, F&B, Entertainment, Culture를 아우른 It Place!· 모던하고 세련된 인테리어 객실과 트렌디한 서울만의 감각을 느낄 수 있는 부대시설로 새로운 일상을 경험할 수 있습니다.· 감각적이고 생동감 있는 어반 라이프스타일을 느낄 수 있는 Curated Lifestyle Hotel 입니다.",
95,3001749,0,인터컨티넨탈 서울 코엑스,5,4.8,1023,"· 9호선 봉은사역 7번 출구에서 도보 5분 거리에 위치해 있으며 한국 전통의 아름다움을 간직한 봉은사와 마주하고 있습니다.· 코엑스몰, 아쿠아리움, 영화관, 면세점과 바로 연결되어 있어 쇼핑과 문화 여가를 원스톱으로 즐기실 수 있습니다.· 올데이 다이닝 뷔페 레스토랑인 ‘브래서리’, 30층에 자리해 아름다운 야경을 감상할 수 있는 '스카이라운지', 아시아 요리 레스토랑 '아시안 라이브', 라이브 음악을 들을 수 있는 '로비라운지', 편안한 분위기의 '로비 바' 등 총 5개의 레스토랑과 바가 준비되어 있어 선택의 폭이 넓습니다. ",
96,3001507,0,호텔 페이토 삼성,3,4.6,682,"· 합리성과 실용성을 중시하면서도, 스타일과 개성 또한 포기할 수 없는 비지니스 고객과 레저 여행객 모두를 위한 어반 라이프스타일 호텔 HOTEL PEYTO입니다.· 스마트한 고객님들의 경제적 니즈를 충족하고 기존 비즈니스 호텔과는 차별화된 따뜻하고 감성적이면서도 모던한 스타일인 PEYTO만의 공간을 제공합니다.· 삼성역 5번출구 도보로 약 3,4분거리로 찾아오기도 쉽고 주변에 코엑스가 있는 최적의 위치입니다! ",
97,1000100675,0,그랜드 인터컨티넨탈 서울 파르나스,5,4.8,259,"· 서울 강남 최초의 인터내셔널 호텔 브랜드, 그랜드 인터컨티넨탈 서울 파르나스가 11개월간의 리모델링을 마치고 12월 1일 새로운 럭셔리의 기준을 제시하는 라이프 스타일 호텔로 재개관합니다.· 지난 2014년 1층 로비 및 레스토랑, 그랜드 볼룸 등 공용부의 리모델링 이후, 호텔 외관과 7층부터 33층까지 전 객실의 리모델링을 완성하며 완벽히 새로운 호텔로 다시 태어났습니다. 또한 기존 26층에 위치했던 인터컨티넨탈 클럽 라운지를 최상층인 34층으로 이동시키며 클럽 서비스 강화를 상징적으로 선언합니다.· 세계적인 레스토랑 어워드를 수상한 정통 일식부터 중식까지 5개의 레스토랑에서 세계의 다양한 맛을 각 분야 별 수석 셰프들의 노하우와 엄선된 식재료로 탄생한 맛과 서비스를 만나보실 수 있습니다.· 스타필드 코엑스몰, 파르나스몰, 백화점, 면세점 등과 인접해 있으며 한국종합무역센터, 코엑스 컨벤션 센터, 공항터미널 등과 연결되어 쇼핑과 엔터테인먼트는 물론 전세계 비즈니스 여행객 모두에게 최적화된 서비스와 시설을 제공합니다.",
98,3015391,0,노보텔 앰배서더 서울 용산,5,4.7,4043,"· 노보텔 앰배서더 서울 용산은 국내 최초 라이프스타일 호텔플렉스인 서울드래곤시티에 위치한 호텔로, 용산역 3번 출구에서 도보로 3분이면 도착합니다.· 호텔 내 객실은 총 621개로, 모던하고 깔끔한 디자인으로 꾸며져 있습니다.· 호텔 2층에는 전 세계의 다양한 푸드 마켓을 현대적으로 재해석한 프리미엄 올데이 다이닝인 ‘푸드 익스체인지’가 자리해 있어, 신선한 요리와 홈 스타일 디저트를 맛보실 수 있습니다.",
99,3000628,0,호텔 선샤인 서울,3,4.6,994,"· 패키지 런칭! PKG 이름의 객실을 구매 후 다양한 혜택을 즐겨보세요 :)· 압구정역에서 가장 가까운 호텔로, 압구정 CGV와 현대백화점, 신사동 가로수길과 인접합니다.· 주변에 편의점과 식당가가 있어 언제든 필요한 물건을 구매하기 편리합니다.· 새롭게 리노베이션한 호텔로서 깔끔한 객실 인테리어와 친절한 직원들이 인상적인 곳입니다.",
100,1000109767,0,오크우드 프리미어 서울 코엑스,0,4.7,317,"· 넓은 객실 면적을 가진 전 객실 취사 가능한 레지던스형 호텔로, 다양한 객실 타입이 준비되어 있습니다.· 오크 레스토랑 앤 바, 각종 행사와 세미나가 가능한 연회장, 최신 장비와 비서 서비스를 갖춘 비즈니스 센터, 어린이 놀이방, 피트니스 센터, 실내 수영장, 실내 골프연습장, 사우나 등 다양한 부대시설을 통해 여유로운 휴식 시간을 즐길 수 있습니다.· 봉은사, 잠실 종합운동장, 현대백화점, 한국도심공항, 카지노 및 다양한 쇼핑시설을 갖춘 코엑스 몰과 인접해 여가 생활의 품격을 더해 드립니다.",
101,1000108254,0,롯데호텔 서울 이그제큐티브 타워,5,5.0,103,"· 세계적인 인테리어 회사 GA가 설계한 품격 있는 공간을 감상하실 수 있는 롯데호텔 서울 이그제큐티브타워입니다.· 세심한 개별 서비스를 제공하는 'The Lobby' 리셉션 데스크와 Le Salon 럭셔리 라운지를 보유하고 있습니다.· 명동, 남대문시장, 덕수궁, 광화문, 경복궁, N Seoul 타워 등 다양한 유명 관광명소가 부근에 위치하고 있습니다.· 미슐랭 3스타 레스토랑인 '피에르가니에르', 한식당 '무궁화', 일식당 '모모야마', 중식당 '도림' 등이 있으며, 별도의 요금을 내시면 업스케일 뷔페 '라세느'에서 뷔페식 조식을 즐기실 수 있습니다.",
102,1000102483,0,안다즈 서울 강남,5,4.8,127,"· 하얏트의 럭셔리 라이프 스타일 브랜드!· 정형화되지 않은 서비스로 고객님의 오감을 만족을 선사하는 안다즈 서울강남 입니다.· 편안하고 현대적 분위기를 살린 독창적인 241개의 객실을 보유하고 있으며, 한국 전통의 아름다운 ‘조각보’를 모티브로 하여 생동감 넘치는 서울 도심과 미식 골목 컨셉을 고급스럽게 재해석한 다이닝 공간이 있습니다.· 또한, 넓은 연회 로비 공간과 요리가 준비되는 과정을 보는 즐거움이 있는 오픈 키친, VIP / 신부 대기실이 준비되어 있어 소규모 행사부터 웨딩 만찬까지 다양한 행사 장소로 활용하실 수 있습니다.· ★신종코로나바이러스 안심호텔★· 코로나19에 대응하여 하얏트는 여러분의 웰빙을 위해 여러 조치를 취하고있습니다. 강화된 예방조치로 모든 객실, 레스토랑, 공공장소를 청소하고 소독하여 고객님과 고객님의 소중하신 분들을 위해 안전한 환경을 제공하는데 최선을 다하고있습니다.· 안다즈 서울 강남은 신종 코로나 바이러스를 예방하기 위해 모든 직원이 마스크를 의무적으로 작용하고 있으며, 공공장소는 정기적인 청소 이외에도 승인받은 소독제로 소독을 진행하는 등 적절한 예방 조치를 시행하고 있습니다.· 또한, 지속적인 상황 모니터링과 함께 서울시 질병 관리 본부의 지침을 따라 적절한 예방 조치를 취하고 있습니다.",
103,3015390,0,노보텔 스위트 앰배서더 서울 용산,5,4.8,943,· 용의 모양을 형상화한 서울 드래곤 시티 호텔 중 하나인 노보텔 스위트 앰배서더 서울 용산은 1호선과 중앙선이 지나는 용산역 3번 출구에서 도보 3분 거리에 있습니다.· 전체 286개의 스위트 객실이 마련되어 있으며 세련된 인테리어가 돋보입니다.· 2층에는 프리미엄 올데이 다이닝 푸드 익스체인지가 있어 시전 세계 다양한 요리를 신선하게 맛보실 수 있습니다.,
104,3015389,0,그랜드 머큐어 앰배서더 호텔 앤 레지던스 서울 용산,5,4.9,306,"· 세계 최대 여행 플랫폼 트립어드바이저 이용 여행객이 선택한 대한민국 최고의 호텔· 2020 트립어드바이저 트래블러즈 초이스 어워드 1위 3관왕 쾌거· 용의 모양을 형상화한 서울 드래곤 시티 호텔 중 하나인 그랜드 머큐어 앰배서더 서울 용산은 1호선과 중앙선이 지나는 용산역 3번 출구에서 도보 3분 거리에 있습니다.· 전체 202개의 객실이 마련되어 있으며 전통 문양을 활용한 디자인으로 따뜻하고 고급스러운 인테리어를 자랑합니다.· 호텔 1층에 위치한 알라메종 와인 앤 다인에서는 고급 티, 와인, 핑거 푸드 등을 즐기실 수 있습니다.· 멍 프렌들리(Mong-Friendly) 서비스 : 다양한 반려견 용품을 갖춘 객실을 이용할 수 있으며, 반려견과 함께 산책을 할 수 있는 1층 THE GARDEN이 준비되어 있습니다.· 가격: 55,000원 / 한 마리 1박 기준(10kg 미만) / 멍 프렌들리 서비스는 전화 예약제로 진행됩니다.(02-2223-7777)",
105,3014816,0,코트야드 메리어트 서울 보타닉 파크,0,4.8,952,"· 2018년 5월 GRAND OPEN!· ‘코트야드 메리어트 서울 보타닉 파크’는 서울 강서구 마곡지구에 개관한 첫 번째 메리어트 브랜드의 호텔이자 첫 인터내셔널 브랜드 호텔입니다.· 스위트 객실을 포함하여 총 262개 객실은 인근 호텔 대비 넓은 공간, 고급 침구, 편안한 침대, 다양한 객실 어메니티를 제공합니다. 또한, 전객실에서 자연채광을 그대로 즐길 수 있으며 호텔 앞에 드넓게 펼쳐진 보타닉 파크(서울식물원)의 아름다운 자연과 함께 안락한 휴식을 즐길 수 있습니다. · 코트야드 메리어트 서울 보타닉파크는 비즈니스에 최적화된 마곡나루에 위치해 있으며, 지하철 9호선과 공항철도가 연결되어 접근성이 편리합니다. 또한, 김포공항, 인천공항과의 근접성으로 다양한 국·내외 비즈니스 행사를 위한 완벽한 장소를 제공합니다.· 지하철 9호선 마곡나루역 2번 출구 바로 앞 (LG사이언스파크 및 서울식물원 인근)· 김포공항 10분 / 인천공항 40분/ 여의도 20분 / 홍대 25분 / 강남 30분 (대중교통 기준)",
106,3000588,0,코트야드 바이 메리어트 서울 타임스퀘어,4,4.8,1051,"· 2018년 8월 전 객실 Full 레노베이션!· CGV, 이마트, 교보문고와 신세계백화점이 있는 타임스퀘어에서 즐기는 원스톱 나들이 어떠세요?· 호텔 투숙객은 객실 키 제시할 경우 타임스퀘어 몰 제휴 업장 최대 10~30% 할인을 받으실 수 있습니다.· 실내 동물원 주렁주렁 객실 키 제시할 경우 40% 할인 (최대 4매까지 구매가능)",
107,3000641,0,더 플라자 호텔,5,4.7,202,"· 서울시청 바로 앞에 위치하여 청계천, 덕수궁, 명동 등의 유명 관광지와 인접한 최적의 위치. 무료서틀버스로 여유로운 관광을 즐길 수 있습니다.· 다양한 콘셉트로 디자인된 플라자만의 품격있는 공간은 객실에서도 새로운 경험이라는 여행의 묘미를 느끼게 해줍니다.· 덕수궁부터 시청, 광화문광장까지 - 서울의 과거와 현재, 미래의 모습이 한눈에 내려다보이는 최고의 뷰.",
108,1000111974,0,페어몬트 앰배서더 서울,5,4.8,33,"· 서울에서 가장 권위 있는 호텔 중 한 곳에 위치한 페어몬트 앰배서더 서울은 카리스마 있고 헌신적인 서비스를 제공하는 특별한 브랜드를 통해 현대적인 럭셔리로 연결됩니다. · 한국 최대의 백화점, 여의도 공원, 상징적인 한강을 이용하면서, 서울 최고의 쇼핑, 엔터테인먼트, 휴식을 즐기실 수 있습니다.· 여의도역과 여의나루역에서 도보로 5분에서 10분 내에 접근 가능한 특급 호텔입니다.",
109,1000110435,0,그랜드 하얏트 서울,5,4.8,348,"· 전면의 통유리창을 통해 보이는 남산 또는 한강의 전망을 감상할 수 있는 그랜드 하얏트 서울입니다.· 지하철 6호선 이태원역 2번 출구에서 도보로 15분 거리에 위치해 있습니다.· 주변 관광지로는 이태원과 블루스퀘어가 도보로 약 15분 거리에 있으며. 명동까지는 차로 10분 소요됩니다.· 모던 스시 바 '카우리', 그릴요리 전문 '스테이크 하우스', 이자카야 펍 '텐카이', 유리피언 비스트로 '제이제이 델리' 등을 포함한 전체 12개의 레스토랑과 바가 갖춰져 있어 다이닝 선택의 폭이 다양합니다.· 2019년 재단장을 마친 객실을 경험해보세요! 여유로운 공간 속에 깃든 현대적인 감각과 스마트 기술이 품격과 편안함을 더해드립니다.",
110,1000110194,0,포시즌스 호텔 서울,5,4.8,74,"· 5호선 광화문역 7번 출구에서 도보로 2분 거리에 위치해 있습니다.· 주변 관광지로는 세종문화회관과 광화문 광장이 도보 5분, 롯데백화점 본점과 명동이 도보로 20분거리에 있어 쇼핑을 즐기기에 적합합니다.· 호텔 내에는 올데이 다이닝 뷔페인 '더 마켓 키친', 정통 이탈리안 레스토랑 '보칼리노', 퓨전 일식을 선보이는 '아키라 백', 미쉐린 1스타인 '유유안' 등 4개의 레스토랑이 있습니다.",
111,1000108949,0,JW 메리어트 호텔 서울,5,4.9,125,"· Marriott 인터내셔널의 최고급 브랜드 특1급 호텔· 국내 최초의 복합 문화 생활 공간인 센트럴시티 내에 위치· 고속터미널역과 바로 연결되어 신세계 백화점, 메가박스 등과 인접",
112,1000108384,0,서울 웨스틴조선호텔,5,4.8,117,"· 100년의 전통을 가진 서울 웨스틴조선호텔은 1, 2호선 시청역 6번 출구에서 4분, 롯데백화점 소공점 바로 뒤에 위치해 있습니다.· 명동이 도보 5분, 남대문 시장과 청계천이 도보 7분, 서울N타워가 차로 15분 거리에 있어 서울의 주요 관광 명소를 둘러보기 편리합니다.· 마치 구름 위에서 자는 듯한 느낌을 주는 최고급의 Heavenly bed & pillow가 구비 된 매력적인 객실에서 휴식을 취해보세요.· 호텔 내에는 10개의 오픈 스테이션이 갖춰진 뷔페 '아리아', 광동식 중식 전문 '홍연', 자갓 가이드북에 실린 '스시조', 이탈리안 레스토랑인 '루비카' 등 다이닝 선택의 폭이 넓습니다.",
113,1000105844,0,신라스테이 삼성,3,4.6,1212,"· 2호선 삼성역 7번 출구 도보 1분, 9호선 봉은사역 6번 출구 도보 9분, 코엑스 동문에서 도보 6분에 위치해 있어 이동이 편리합니다.· 대한민국 경제, 문화, 스포츠를 아우르는 글로벌 관광 허브 삼성동에 호텔신라의 프리미엄 비즈니스 호텔 브랜드, 신라스테이를 선보입니다.· 신라호텔의 맛을 담은 뷔페 레스토랑 카페에서 엄선된 메뉴와 신선한 음식을, 세련되고 모던한 바에서 일상 속 여유를 즐겨보세요.",
114,10039994,0,힐튼 가든인 서울 강남,0,4.8,78,"· 힐튼 가든 인 서울 강남은 바쁜 일상에서 여유로운 휴식을 즐길 수 있는 도심 속 힐링 공간으로, 비즈니스, 쇼핑, 문화의 중심부에 위치하여 버스, 지하철 등 대중교통 이용에 용이합니다.· 모던하고 세련된 인테리어의 총 208개 객실, 올데이 다이닝 레스토랑, 24시간 이용 가능한 편의시설, 로비 라운지, 연회장 등을 비롯하여 낮에는 반짝이는 햇살을 밤에는 반짝이는 도심 야경을 감상할 수 있는 루프탑 야외 수영장은 마치 휴양지에 온듯한 분위기를 연상시키는 힐튼 가든 인 서울 강남만의 시그니처 공간입니다.· 힐튼 가든 인 서울 강남은 ‘Simply on Another Level’ 슬로건을 기반으로 고객분들에게 최고의 서비스를 제공할 것을 약속합니다.",
115,3018171,0,호텔 인 나인 강남,4,4.6,1743,"· 투숙시 주차비 1박당 10,000원(발레파킹 서비스 제공)· 코로나사태로 인하여 조식은 운영되지 않으니 고객님의 양해 부탁드립니다.· 봉은사역 3번출구 도보 1분, 삼성역 7번출구 도보 5분· 비즈니스의 중심 코엑스 인근에 위치한 4성급 호텔· ""9"" 완벽에 가까운 숫자처럼 최상의 서비스로 모시겠습니다.· Bath lounge / 루프탑 / 연회장 등 다양한 시설 보유· Hotel in 9은 지하철 봉은사역 3번 출구에서 도보로 1분 거리에 위치한 4성급 호텔입니다. 주변 관광지로는 코엑스몰, 서울 코엑스 컨벤션 센터 및 코엑스 아쿠아리움, 압구정 로데오 등이 있습니다. 삼성역 7번 출구에서도 도보로 약 7분 거리에 위치하고 있기 때문에 서울의 다른 지역에도 손쉽게 이동할 수 있는 접근성을 가지고 있습니다. 호텔 전체에는 무료 와이파이가 제공됩니다. 부대시설로는 주차 시설, 연회장, 회의실, 스파(bath lounge) 시설 및 피트니스 룸, 루프탑이 마련되어 있습니다.· 객실은 총 152개로 구성되어 있으며, 43인치 TV와 개인 금고, 냉장고, 에어컨 및 캡슐 커피와 커피 머신이 완비되어 있습니다. 모든 객실에는 유무선 인터넷이 제공되며, 비데와 샤워부스, 목욕 가운 등도 구비되어 있습니다. 또한, 21층 스카이라운지에 위치한 FESTIVA 레스토랑에서는 아름다운 전망을 보며 식사를 즐기실 수 있습니다.",
116,3016868,0,호텔 크레센도 서울,3,4.3,2068,"· 컴팩트하고 아늑한 객실과 최고급 구스다운 침구, 매트리스(시몬스) 제공.· 9호선, 분당선 ‘선정릉역’ 3번출구 도보 3분 거리 위치 / 코엑스, 봉은사 도보 이동 가능· 428 레스토랑 운영 / 24시간 피트니스&셀프 세탁실 무료 제공",
117,3015395,0,이비스 스타일 앰배서더 서울 용산,4,4.6,2389,"· 이비스 스타일 앰배서더 서울 용산은 국내 최초 라이프스타일 호텔플렉스인 서울드래곤시티에 위치한 호텔로, 용산역 3번 출구에서 도보로 3분이면 도착합니다.· 호텔에는 총 591개의 감각적이고 개성 있는 객실이 마련되어 있습니다. 다채로운 색상이 사용된 네 종류의 테마룸으로 구성되어 있어 객실에 따라 색다른 분위기를 느끼실 수 있습니다.· 호텔 7층에 위치한 다채롭고 다이나믹한 분위기의 캐주얼 올데이 다이닝 ‘인 스타일(In Style)’에서는 한식부터 양식까지 다양한 요리를 즐기실 수 있습니다.",
118,3014978,0,스테이락 호텔 충무로,0,4.5,141,"· 휴식과 즐거움을 컨셉으로 하는 'STAYRAK'은 단순히 화려한 공간이 아닌 고객에게 머무름의 감동을 선사하는 공간입니다. 5성급 고급스러운 디자인이 돋보이는 객실, 미각을 자극하는 음식과 다양한 호텔 시설은 감동을 더해드립니다.· 'STAYRAK' 객실은 특별합니다.국내 최초 loT를 도입한 스마트 객실, 건강까지 챙기는 자동화 공조 시스템 등 최신식 장비를 모든 객실에 배치해 놓았습니다.· 'STAYRAK' 음식은 믿을 수 있습니다.한식, 레스토랑, 뷔페, 카페까지 엄선된 최고급의 식재료를 사용하여 맛은 물론 신뢰할 수 있는 음식만을 제공합니다.· 'STAYRAK' 연회장은 전문적입니다.소수인원부터 150명 이상의 파티, 세미나 등 다양한 목적의 모임이 가능하며, 대형스크린 및 음향시설 등의 최신 장비가 구비되어 있습니다.",
119,3014284,0,호텔 뉴브,3,4.7,754,"· 선릉역 3번 출구 도보 3분 거리에 위치하여 최고의 접근성을 자랑합니다.· 2018년 6월에 오픈한 편안하고 쾌적한 컨디션이 인상적인 비즈니스 호텔입니다.· 비즈니스, 쇼핑, 문화, 교통의 중심지인 강남권에 위치해있습니다.",
120,3011846,0,L7 강남 바이 롯데,4,4.8,1994,"· 롯데호텔 L7강남은 트렌디한 감각과 안락한 분위기가 어우러진 라이프 스타일 호텔입니다.· Coex 전시컨벤션 센터, 쇼핑몰 및 현대백화점이 인접해 있으며, 유네스코 세계문화유산인 선정릉공원 전망과 테헤란로 전망은 도심 속 녹지가 주는 여유와 모던한 빌딩 숲의 화려함을 모두 경험할 수 있습니다.· 바코드만 대면 바로 체크인이 되는 롯데호텔 최초 키오스크 무인 시스템을 오직 L7호텔에서만 경험해 보세요. 고객님들의 빠르고 간편한 라이프 스타일을 선사합니다.",
121,3011807,0,호텔해담채가산,3,4.7,2569,"· 후기 왕을 찾아라!· 매월 20일 한 달 동안 모든 리뷰 통틀어 가장 좋은 글을 써주신 분들께 추첨을 통하여 사은품 증정· 당첨 확인은 호텔해담채가산 홈페이지에서 확인 가능· 증정 상품: 1등 - 무료숙박권(해담채 더블) 1박 1회 제공 (1명)· 2등 - 영화관람 1인권 2장씩 제공 (2명)· 3등 - 청와삼대 식사이용권 제공 (5명)· *호텔 자체 이벤트로 문의사항 있을 시 호텔로 문의부탁드립니다 :)· 서울 교통의 요지에 자리잡고 있는 해담채는 늘 새롭고 깨끗한 서비스, 정성을 다하는 서비스를 제공하고자 노력합니다.· 객실 및 부대시설에 친환경 건축자재를 사용하여 비즈니스 출장 또는 여행에 최적의 공간을 제공합니다.· 가산디지털단지역 3번 출구에서 도보로 5분 이내 거리에 위치해 있어 접근성이 좋습니다.",
122,3009050,0,신라스테이 서초,3,4.6,2957,"· 경제, 문화, 스포츠를 아우르는 글로벌 관광 허브 서초에 호텔신라의 새로운 브랜드 신라스테이 서초를 선보입니다.· 모던한 인테리어의 305객실로 고급 침대 및 린넨, 거위털 이불, 오리털 베개, 아베다 고급 욕실용품을 제공합니다.· 서래마을의 트렌디한 레스토랑과 교대역 인근의 먹자골목, 강남역 핫플레이스로의 접근이 용이해 비즈니스와 관광, 휴식을 모두 충족할 수 있는 최상의 선택이 될 것입니다.",
123,3008321,0,영등포 GMS 호텔,3,4.7,6260,"· 2017.1.17 GRAND OPEN! HOTEL GMS의 품격이 다른 고급스러움을 경험해보세요.· 아늑한 휴식과 부드럽고 우아한 분위기의 조화가 격조 높은 품격을 선사합니다.· 영등포 역내 인접해있어 편리한 교통 여건을 갖추고 있고, 주요 역세권, 타임스퀘어, 신촌, 명동 등 도심의 쇼핑가를 즐길 수 있습니다.",
124,3001564,0,신라스테이 구로,3,4.7,5620,"· 신라스테이 구로는 대한민국 IT 벤처의 중심이자 디지털 산업의 메카, 구로에 위치해 있습니다.· 지하철 2호선 구로디지털단지역 바로 앞에 위치하여 편리한 접근성을 자랑합니다.· 보라매공원, 각종 패션 아울렛, 여의도 등과 인접해 쇼핑과 관광을 함께 즐기기에 좋습니다.",
125,3001516,0,카푸치노 호텔,0,4.6,966,"· 여행에 가치를 더하는 어반 라이프 스타일 호텔, 호텔 카푸치노입니다.· 많은 것이 새롭고, 모든 것이 매력적인 Urban Lifestyle을 추구합니다. 도심에서 휴식과 자유를 즐겨보세요.· 서울에 모인 트렌드 세터들에게 더욱 즐겁고 여유로운 순간을 가능하게 하는 공간! 호텔 카푸치노의 밤, 그 이상의 가치를 빛내보세요![반려견 동반 객실 정보][바크룸] 객실을 예약하시는 분에 한해 애견 동반 투숙이 가능합니다.일반 객실 예약 후 애견 동반 방문 시 투숙이 거절될 수 있으니 이용에 참고 바랍니다.",
126,3001437,0,호텔 더 디자이너스 리즈 강남,0,4.3,576,"· 리즈 강남 프리미어점은 가장 많은 객실과 고급스러운 객실을 갖추었으며, 함께한 디자이너 중 유명 셀러브리티가 많아 더욱 주목을 받고 있습니다.· 감각 있는 셀러브리티인 가수 김완선, 강수지 등과 손꼽히는 공간 디자이너가 참여한 객실 인테리어는 특별한 즐거움과 경험을 제공해드립니다.· 13층의 테라스 라운지, 실내 소셜 라운지, 뷔페 레스토랑에서도 세련되고 고급스러운 분위기를 느끼실 수 있습니다.· 지하철 신논현역에서 도보로 2분거리에 위치해 있어서 무엇보다도 교통 접근성이 뛰어납니다.",
127,3001395,0,신라스테이 역삼,3,4.7,2554,"· 한국을 대표하는 호텔 브랜드, ""호텔 신라""의 가치를 담은 신라 스테이 역삼· 신라의 품격이 느껴지는 모던하고 고급스러운 객실에서 편안한 휴식을 즐겨보세요.· 서울의 중심, 역삼역에서 도보 10분 거리의 최상의 입지를 갖고 있습니다.",
128,3001317,0,라까사 호텔 서울,0,4.6,374,"· 트렌드의 중심 강남 신사동에 위치, 명동에서 15분, 한강 공원에서 도보 10분 등 관광객과 비즈니스 맨 모두에게 최적의 장소입니다.· 모든 객실에 무료 Wi-fi, 초고속 유무선 인터넷, 개인 금고가 설치되어 있습니다.· [프로모션 정보]· ★로맨틱 PKG 신규 오픈!★· [로맨틱 PKG] 예약시 아래와 같은 혜택이 제공됩니다.· 스위트룸(욕조) + 미니바(칩스1+스낵1+페리에탄산수+와인1병) + 버블 입욕제 + 레이트체크아웃 13시",
129,3001091,0,알로프트 서울 강남,3,4.7,932,"· 메리어트 인터네셔널의 국내 최초 알로프트 브랜드로, 도시적인 감성과 차별화된 디자인, 공간과 테크놀로지 서비스가 조화를 이루는 새로운 라이프 스타일의 호텔입니다.· 스타우드 계열의 호텔인 알로프트 서울 강남은 세련된 도시 분위기의 개성 넘치는 사람들을 위한 스타일 비즈니스 호텔입니다.· 특유의 럭셔리함과 화려함을 놓치지 않고 현대적이며 흥미진진한 호텔로 최신 디자인이 돋보이는 공간을 제공합니다!· 영동대교 남단과 청담역 사이에 있어서, 쇼핑과 비즈니스에 최적의 입지입니다.· 7호선 청담역 14번출구 도보 5분거리에 위치하고 있어, COEX 및 잠실야구장 등이 근접해 있어 문화생활을 즐기기에 최적의 위치에 있습니다.· 주차 공간이 협소한 관계로 주말에는 사전 문의를 부탁드리며, 가급적이면 대중교통을 이용해 주시기 바랍니다.",
130,3000742,0,이비스 스타일 앰배서더 강남,0,4.5,1878,"· 이비스 스타일로 리브랜딩 후, 스타일리시하고 유니크한 라이프 스타일 비즈니스호텔로 탈바꿈한 새로워진 이비스를 만나보세요.· 삼성역&선릉역(2호선/분당선)에서 도보 10분 이내로 코엑스, 잠실 야구장 및 강남역 등 핫플레이스와 근접하게 위치해 있습니다.· 합리적인 가격에 도심 속 여유로운 휴식처를 찾는 분들에게 최적의 호텔입니다.· 주차장이 협소하여, 만차시 외부주차장(고객부담)으로 안내해 드리니 많은 양해 부탁드립니다.",
131,3008478,0,롯데 호텔 서울,5,4.8,219,"· 한국 최고의 럭셔리 호텔인 롯데호텔서울은 1,120실 규모를 자랑하며 서울의 중심에 자리 잡고 있습니다.· 네 개의 세계적인 인테리어 회사들이 참가하여 설계한 독창적인 객실은 최신 트렌드를 반영하고 있으며 품격과 정교함을 경험할 수 있습니다.· 최상의 평온함을 위한 해온(he:on) 베딩 시스템, 전 객실에서 서울 도심의 환상적인 전망을 감상하실 수 있습니다.",
132,1000109874,0,콘래드 서울,5,4.8,84,"· 여의도 비즈니스 지역의 중심에 위치하는 콘래드 서울은 지적 에너지가 넘치는 현대의 은둔처와 같은 공간을 제공합니다. 스타일리시함과 교통의 편의성, 그리고 당신만을 위한 럭셔리를 만끽해보세요.· 콘래드 서울은 새로운 개념의 럭셔리하고 스타일리시한, 세계적인 서비스를 지향합니다. 서울의 금융 및 업무 중심지인 여의도에 전략적으로 위치한 콘래드 서울은 IFC 서울 (서울국제금융센터)을 이루는 4개 빌딩 중 하나로서 서울의 지하철 시스템과 편리하게 연결되어 있으며 인천∙김포 국제 공항과 가장 가까운 럭셔리 호텔입니다. 뿐만 아니라, 국내 최초로 도입한 스마트 테크놀로지 기반의 최첨단 디지털 서비스를 제공하는 434개의 고급스럽고 전망 좋은 객실과 더불어 영감을 선사하는 연회시설과 이국적인 레스토랑, 최고급 웰니스 센터(wellness centre)로 콘래드 서울은 고객 개개인에게 더욱 특별한 장소가 될 것입니다.· 콘래드 호텔 & 리조트가 제공하는 ‘스마트 럭셔리’ 서비스는 세련된 숙박 시설, 빈틈없는 서비스, 최고의 경험, 도시가 가진 풍부함과 편리함의 가치를 제공할 것입니다. 콘래드 세상의 중심에 서 있는 편안한 자신을 발견해 보세요.",
133,1000109016,0,밀레니엄 힐튼 서울,5,4.7,301,"· 세계적인 호텔 체인 ‘힐튼(Hilton)’으로 1, 4호선 서울역 8번 출구에서 도보로 5-10분 거리에 있습니다· 밝은 자연광이 비치는 사계절 이용 가능한 실내수영장, 균형 있는 체력관리를 위한 헬스클럽 및 500여명 수용 가능한 그랜드 볼룸을 갖추고 있습니다.· 주변 관광지로는 N서울타워가 차로 8분, 남산골한옥마을이 차로 10분 거리에 있으며 청계천과 덕수궁이 차로 약 10분 거리에 자리하고 있습니다.· 세계 각국의 고객들이 다채로운 요리를 즐길 수 있도록 다양한 테마의 레스토랑, 바 그리고 베이커리를 갖추고 있습니다.· 밀레니엄 힐튼 서울은 모든 고객과 직원의 건강과 안전을 최우선으로 생각하며, 코로나 바이러스 감염증-19의 확산을 방지하고 예방하기 위하여 “힐튼 클린 스테이 프로그램” 도입 및 보건 복지부의 대응 지침을 준수, 아래와 같은 예방대책을 시행하고 있습니다.· 호텔 내 모든 시설 및 장비 소독 강화 · 호텔 내 모든 시설 손세정제 비치 고객응대 직원 마스크 착용 의무화· 호텔 출입구 열화상 카메라 설치 및 모든 고객 체온 확인· 전직원 위생관리 강화 및 추가교육 실시· 전직원 체온 상시 측정",
134,10039725,0,소피텔 앰배서더 서울 호텔 & 서비스드 레지던스,0,3.8,10,"· 전 세계 유명 도시의 프렌치 럭셔리 스타일 호텔· 서울과 소피텔 앰배서더 서울에 오신 걸 환영합니다! 저희는 여러분을 위해 봉사하고 여러분의 숙박을 가장 기억에 남을 수 있게 만들어 드리겠습니다!· 소피텔 앰배서더 서울 호텔 및 서비스형 레지던스는 아시아 태평양 지역 최초로 소피텔 호텔 및 레지던스 콤보 브랜드로, 세련된 현대 프랑스의 생활 예술을 서울에 제공합니다.· 호텔은 강남의 잠실에 위치해 있으며, 유명한 롯데월드 몰과 아름다운 석촌 호수와 인접해 있어 시내로 편리하게 이동할 수 있습니다.· 160개 레지던스를 포함한 563개의 객실, 세련되고 맛있는 식사 옵션, 환상적인 파노라마 전망을 감상할 수 있는 루프 바, 원기를 재충전하는 Sofitel Fitness 및 Spa를 제공합니다.",
135,3016365,0,더 파크호텔 서울,0,4.6,2257,"· 더파크호텔서울은 아름다운 서울의 한강이 보이는 영등포구 선유도공원 인근인 ""선유도역 1번 출구 앞""에 위치하고 있습니다.· 객실은 고객 맞춤형 서비스로 11개 등급 총 141개의 객실로 아름다운 한강의 전망이나 도시의 야경을 볼 수 있는 2~8인실 객실을 위주로 가족실, 파티룸, 스위트룸, 비지니스룸 등 폭넓고 다양한 선택을 하실 수 있도록 준비되어 있습니다.· 특히 요즘 5성급 호텔에서만 이용하실 수 있는 로얄스위트룸이 준비되어 있어 신혼 부부 및 친구 가족 모임을 편안하게 즐기실 수 있도록 준비하였습니다.· 대중교통은 지하철 9호선 선유도역 1번 출구가 호텔 바로 앞에 있어 여의도와 홍대 10분, 김포공항 20분, 강남과 이태원 25분, 명동과 동대문 까지 30분대의 편리한 교통편을 제공하고 있습니다.· 호텔의 부대시설은 14층 스카이라운지 레스토랑과 바에서 한강을 바라보며 즐거운 저녁식사와 다양한 주류 등을 즐기실 수 있습니다.· 2층에는 대연회장과 비즈니스미팅룸, 피트니스센터 등으로 다양한 행사와 스포츠 활동을 할 수 있습니다.· 1층에는 프론트 데스크와 커피숍이 있으며 지하 1층에는 호텔 정통 대형 퓨전 일식 레스토랑이 있어 맛있는 식사와 다양한 모임들을 함께하실 수 있습니다.· 지하 2층에는 장기투숙 고객님을 위한 24시간 무료 세탁실이 준비되어 있습니다.· 고객전용 주차창은 지상 1층, 지하 2층, 지하 3층에 있습니다.· 저희 더파크호텔서울은 차별화된 서비스로 고객님께 잊지못할 특별한 추억이 되시도록 최선을 다해 정성껏 모시겠습니다.",
136,3001615,0,카파스 호텔,2,4.1,731,"· 비지니스의 중심 역삼역 1번 출구에서 도보4분, 선릉역 4번 출구 도보8분에 위치하고 있어 코엑스, 강남대로에서 찾아 오기 쉽습니다· 전 객실 욕조와 노트북이 설치 되어 있어 비즈니스 고객님뿐만 아니라 커플들에게도 추천 합니다!· 전 객실 에이스 침대, 100면 린넨, 자연 친화적인 유기농 어메니티 제공으로 고품격 휴식을 취할 수 있습니다· 2016년에 오픈한 HOT한 호텔! 최신식 시설과 깔끔한 객실을 이용 하실 수 있습니다",
137,3001560,0,롯데 시티호텔 김포공항,3,4.7,634,"· 김포공항 바로 옆에 자리 잡고 있는 롯데 시티호텔 김포공항은 인체국제공항 및 서울 도심까지 20분 이내에 이동할 수 있어 최적의 접근성을 자랑합니다.· 세련된 객실과 비즈니스를 위한 다양한 편의시설 및 고품격 서비스를 합리적인 가격에 제공해드립니다.· 국내 최대 생태 테마파크인 '롯데몰 김포공항'이 호텔과 바로 연결되어 있어 편안한 휴식뿐만 아니라 쇼핑, 레저 등의 엔터테인먼트를 원스톱으로 즐길 수 있습니다.",
138,3001104,0,SR 호텔 서울 마곡,3,4.7,1447,"· 강서지역 최고의 프리미엄 비즈니스 호텔로 세련되고 모던한 감각, 안락한 객실이 함께합니다.· 객실별로 다른 디자인 욕조가 준비되어 있어서 로맨틱한 분위기 속에서 오늘 하루의 피로를 풀어보세요!· 노트북 대여 서비스도 제공하고 있으니 필요하신 분은 프론트로 문의해주세요!· 호텔 객실 공기청정기 제공· [ 코로나 극뽁! 이벤트 ]·  * 예약기간 : 03/10 ~ 11/30· * 투숙기간 : 03/10 ~ 11/30· * 적용상품 : 우아한치맥PKG, 근사한룸파티PKG 예약시 적용· * 객실타입 : 전 객실타입· * 제공혜택 : 레이트 체크아웃 2시간 무료",
139,3000969,0,롯데시티호텔 구로,3,4.8,2603,· IT산업의 메카 구로 디지털 단지에 새롭게 그랜드 오픈한 롯데 브랜드의 특2급 호텔로서 서울 서남권의 프리미엄 업 스케일 랜드마크 호텔입니다.· 20층 규모의 탁 트인 시내 전망을 갖춘 287개의 고급스러운 객실과 멀티 스타일리시 뷔페 레스토랑이 준비되어 있습니다.· 최상의 휴식과 숙면을 위한 매트리스를 포함하여 롯데만의 he:on(해온) 베딩 시스템으로 포근한 거위털 이불 및 거위털 베개를 제공합니다.,
140,3000865,0,호텔 리베라 청담,4,4.5,1187,"· 청담동에 위치한 4성급 호텔로 사우나, 중식, 일식, 부페식당, 커피숍 등의 시설을 갖추고 있습니다.· 객실 이용 시 휘트니스 클럽 등 다양한 부대시설이 이용가능합니다.· 청담동에 위치한 리베라 호텔은 7호선 청담역 12,13번 출구에서도보로 5분거리에 있습니다.· -코로나19 관련 투숙 규정안내-정부 지침에 따라 해외입국자, 확진자와의 접촉자를 포함한 모든 자가격리 대상자에 대해 당호텔은 투숙 및 식음업장 이용등을 제한하오니 양해해 주시기 바랍니다.",
141,3000804,0,임피리얼 팰리스 서울,5,4.7,464,· 강남 유일의 특급호텔 야외 수영장· 유럽 궁전에 온 느낌! 고풍스러운 인테리어가 돋보여요.· 학동역에서 5분 거리로 이동하기가 편리하답니다.· 24시간 룸서비스도 특급호텔다워요.,
142,3000769,0,노보텔 앰배서더 강남,4,4.7,449,"· 조식 PKG 이용 시, (동반 자녀 소인 최대 2인까지 조식 무료제공)· 강남권에 위치한 아코르 계열의 특1급 호텔로서 교통이 편리하고 코엑스에 인접한 최고의 비즈니스 호텔입니다!· 9개의 스위트룸과 332개의 안락한 객실, 최고급 뷔페 등 특1급 호텔에서만 느낄 수 있는 최고급 품격의 완성 :)· 최첨단 시설을 갖춘 수영장, 골프 연습장, 체련장, 사우나, 에어로빅 룸과 조깅 트랙 등이 완비되어 있습니다.",
143,3000725,0,노보텔 앰배서더 독산,4,4.7,1108,"· 부모와 함께 객실을 이용하는 16세 이하의 어린이 1명까지 객실 추가 인원 비용이 면제, 부모와 함께 조식을 이용 시 어린이 자녀 2명까지 무료로 제공.· 세계적 브랜드 노보텔다운 은은하고 도시적인 객실, 편안함을 중시하는 분들께 권해드릴게요!· 실내 수영장이 요금이 무료! 작은 자쿠지가 딸린 수영장에서 부담없이 힐링타임 가지세요:)· 지하철역과 마리오아울렛까지 무료셔틀을 운영하고 있어요.· 신도림 디큐브씨티, 홈플러스가 가까워 편리해요.· 수영장 내 수영장 튜브 반입 금지(구명조끼, 암튜브 사용 가능)",
144,3000648,0,SR 호텔 사당점,2,4.7,1215,"· 강남 10분 거리에 위치한 사당 유일의 특급 시설 부티크 디자인 호텔이에요 :)· 2, 4호선 사당역 8번 출구와 단 1분 거리!· 최대 4인까지 이용 가능한 다이닝 객실 구비",
145,3000598,0,베스트웨스턴 프리미어 강남,3,4.6,1005,"· 신논현역에 위치한 강남에서 가장 아름다운 야경을 볼 수 있는 특급호텔입니다.· 남산 전망과 도시 전경의 멋진 야경을 즐기실 수 있으며, 투숙객분들께 GN 라운지에서 이용하실 수 있는 10% 할인권을 제공.· 세계적인 호텔 체인 베스트웨스턴의 차별화된 서비스와 품격있는 인테리어를 느껴보세요.· 연회, 파티, 기업 행사 등 성공적인 비즈니스 업무를 위하여 다양한 부대시설을 쾌적하고 편리하게 이용해보세요.",
146,3014301,0,라이즈 오토그래프 컬렉션 바이 메리어트,4,4.8,586,"· 라이즈 오토그래프 컬렉션은 세계 최대 호텔 그룹인 메리어트 인터내셔널의 30개 브랜드 중 하나입니다.· 메리어트 리워드 멤버십 제공은 물론, 오토그래프 컬렉션만이 가지고 있는 장인 정신이 깃든 서비스, 인상적인 디자인과 인테리어, 그리고 다른 어디에서도 경험할 수 없는 특별한 경험을 제공합니다.· 단순히 호텔이 가지는 의미를 넘어 문화의 중심지이자 선구자가 되어, 전 세계 크리에이터들에게 반향을 일으킬 서울의 랜드마크가 되고자 합니다.",
147,3000810,0,남산 힐하우스 호텔,2,0,4,· 4호선 회현역 1번 출구에서 도보 6분 거리에 있습니다. ·  걸어서 10분거리에 있는 남산에서 내려다보는 아름다운 서울야경을 자랑합니다.·  정돈된 분위기의 깔끔한 인테리어 객실에서 특별한 하루를 만들어 보세요.,
148,1000108382,0,JW 메리어트 동대문 스퀘어,5,4.9,61,"· JW 메리어트 동대문 스퀘어 서울은 엔터테인먼트, 문화, 상업이 융화되는 다이나믹한 동대문에 위치한 메리어트 인터내셔널의 아시아 퍼시픽 유일한 럭셔리 부티크 호텔입니다.· 1, 4호선 동대문역 8번 출구에서 도보로 2분 거리에 위치하여 서울 도심 어디로든 이동이 편리합니다.· 청계천이 걸어서 1분, 동대문디자인플라자가 도보로 5분 거리에 있으며 인사동이 차로 7분, 광화문이 차로 10분 거리에 자리해 있습니다.· 호텔 내에는 뉴욕 3대 스테이크 하우스 중 하나인 'BLT 스테이크', 흥인지문 전망을 감상할 수 있는 '타볼로 24' 뷔페가 있습니다.",
149,1000102490,0,반얀트리 클럽 앤 스파 서울,0,5.0,10,"· 국내 최초로 프라이빗 멤버스 클럽과 호텔 서비스를 동시에 제공하는 반얀트리 호텔 앤 리조트 그룹의 첫번 째 도심형 리조트, 반얀트리 클럽 앤 스파 서울입니다.· 전 객실에 마련된 릴렉세이션 풀 (반얀룸 제외), 사방으로 펼쳐진 유리창을 통하여 보게 되는 남산의 4계절은 반얀트리만의 빼놓을 수 없는 매력입니다.· 호텔 내에는 이국적인 디자인의 야외 수영장 '더 오아시스'가 있으며, 실내 수영장은 성인/유아/영아용으로 구분되어 있어 온 가족이 함께 즐기기에 좋습니다.· 최고층에 위치한 '문 바'에서는 남산을 비롯한 아름다운 서울 야경을 감상하며 와인, 샴페인, 칵테일을 맛보실 수 있습니다.",
150,3009495,0,홍대 나인브릭 호텔,0,4.7,1830,"· 홍대 나인브릭 호텔은 각 객실마다 다른 테마를 가진 인테리어와 미술작품이 어우러져 있으며, 편안하고 따뜻한 느낌으로 구성되어 있는 도심 속의 휴양지입니다.· 도심 야경을 한눈에 볼 수 있는 전망 좋은 객실과 한강 조망이 가능한 객실도 준비되어 있습니다.· 홍대입구역 9번 출구에서 도보 6분 거리로 찾아오기 쉽습니다.",
151,1000100307,0,트레블로지 명동 을지로 호텔,3,4.5,1027,"· 을지로 3가역 바로 앞에 위치한 호텔입니다.· 트레블로지 만의 특급 서비스를 누려보세요 :)· 서울의 중심, 을지로에 위치해있어 비즈니스 고객들에게 적합해요!",
152,1000114102,0,밀리오레 호텔 서울 명동,0,4.5,119,"· 밀리오레(Migliore)는 이탈리아어로 ‘더 좋은’, ‘더 나은’을 뜻하는 말입니다.· 명동 중심에 위치하고 있는 밀리오레 호텔 서울 명동은 서울 지하철 4호선 명동역과 직결되어 있어 이동이 편리하며 120여대 주차가 가능한 넓은 주차장을 보유하고 있습니다.· 모든것이 인접해 있어 쇼핑, 음식, 문화체험 등 원스톱 관광이 가능합니다.· 밀리오레가 뜻하는 바와 같이 고객 여러분들께 더 좋은 모습으로 더 나은 서비스를 제공해 드릴것을 약속드리며 합리적인 가격으로 마음까지 편안한 여행이 될 수 있도록 최선을 다하겠습니다.",
153,1000113709,0,플렉스 레지던스,0,4.3,15,"· 이수역 10번 출구 44m 거리에 위치한 훌륭한 접근성, 고급스럽고 품격있는 객실의 레지던스 호텔입니다.· TV, 냉장고, 세탁기, 전자레인지, 싱크대 등등 모든 시설이 구비된 풀 옵션입니다.· 전 객실 복층형 구조로, 펜션에 놀러온 듯 한 아늑하고 편안한 분위기를 선사합니다.· 호텔은 무인으로 운영중이며, 체크인 방법은 문자로 발송됩니다.",
154,1000113414,0,호텔 파이 종로,0,4.5,45,· 종로5가역 인근에 위치한 호텔 파이입니다.· 최고의 객실 디자인과 인테리어로 고객분들의 만족을 드리겠습니다. · 주차가 불가하므로 도보 이용을 부탁드리겠습니다.,
155,1000112890,0,서초 두꺼비호텔,0,5.0,3,"· 서초 두꺼비호텔은 2019년 11월 리뉴얼 하여 GRAND OPEN 하였습니다. 두꺼비호텔은 모든 고객이 가족과 같은 호텔이 되고자 노력하며, 고객님의 행복을 중요하게 생각합니다.· 서초역 1번출구, 교대역 9번출구에서 도보 3분거리에 위치하여 대중교통의 지리적 위치가 좋으며, 대법원, 대검찰청, 고등법원, 등기소, 카톨릭성모병원, 고속터미널, 남부터미널, 서울교육대학교 등 서울 최고의 중심지에 위치하여,비즈니스고객 및 출장 고객이 이용하기에 최고의 호텔입니다. 항상 고객의 입장이 되어 최선을 다하는 두꺼비호텔이 되도록 하겠습니다. 감사합니다.",
156,1000111601,0,수유 다니엘 캄파넬라,0,4.8,45,· 금연호텔 : 전 객실 <절대 금연>입니다. 객실내 흡연시 11만원의 페널티 청구와 함께 즉시 퇴실조치 됩니다.· 수유역 도보 1분 거리에 위치하여 교통편의성이 매우 뛰어납니다.· 디자인호텔 다니엘 캄파넬라에서 루프탑/라운지를 즐기실 수 있습니다.,
157,1000111397,0,포포인츠 바이 쉐라톤 조선 서울 명동,4,4.8,892,"· ★2020.11 GRAND OPEN★· 조선호텔앤리조트에서 운영하는 포포인츠 바이 쉐라톤 조선, 서울 명동!!· 명동과 을지로를 즐길 수 있는 위치· 쇼핑으로 서울을 찾아오신 관광객에게 최적의 입지입니다.· 오랜 시간에 걸쳐 수집한 작품에서부터 뛰어난 디자인을 즐길 수 있습니다.",
158,1000111306,0,종로 호텔팝 리즈 프리미어,0,4.0,4,· 탑골공원 인근에 위치한 종로 호텔 팝입니다.· 종로 호텔 팝은 객실 내 넷플릭스 시청이 가능합니다!· 주차공간이 협소하므로 도보 이용을 부탁드리겠습니다.· 전객실 2인기준으로 인원 추가 불가합니다.,
159,1000110881,0,안테룸 서울,0,4.6,250,"· '가로수길'은 작지만 진솔한 주변 가게들이 은행나무 길을 따라 하나 둘 모여들어 만들어진 동네였습니다.· 지금은 강남의 쇼핑 명소이자 젊은이들의 거리로 유명하지만, 안테룸 서울은 옛 가로수길의 정취도 함께 기억하고자 합니다.· '살기 편하고 집, 따뜻한 동네'처럼 안테룸은 '예술과 문화'를 잇고, '사람과 사람'을 잇는 영감이 가득한 장소가 되기를 바랍니다.",
160,1000110872,0,피넛호텔,0,0,0,"서울시청과 도보 5분 거리에 있어 서울 중심 관광 하기에 최적의 장소주변 관광지 :남대문,덕수궁,서울타워,명동,청계천,광화문",
161,1000110157,0,종로 호텔케이월드,0,4.3,55,· 2020년 7월에 그랜드 오픈한 종로 케이월드 호텔입니다.· 최고의 객실 디자인과 인테리어로 고객분들의 만족을 드리겠습니다. ,
162,1000110056,0,동대문 호텔 밀리오레 서울,0,0,0,"· 2, 4, 5호선 동대문역사문화공원역 14번 출구에서 도보로 약 5분이면 도착하는 호텔 밀리오레는 인근에 다양한 관광 명소가 자리해 있습니다.· 동대문디자인플라자가 걸어서 약 5분, 청계천이 도보로 약 5분 거리에 있으며 인사동이 차로 10분 광화문이 차로 약 15분 거리에 자리하고 있습니다.",
163,1000109920,0,서초 LAVA,0,2.5,3,· 서초동 최고의 프리미엄 시설을 자랑합니다.,
164,1000109372,0,호텔 루 136,2,4.6,105,"· 새롭게 선보이는 모던한 감각과 실용성을 겸비한 2성급 비즈니스 호텔입니다.· 은평구에서 교통이 편리한 불광역(3호선)과 5분거리이며, 역촌역(6호선,인천공항 리무진)과 3분거리입니다.· 편안하고 현대적 분위기를 살린 독창적인 객실들을 보유하고 있으며, 은은한 분위기의 모노톤의 심플한 인테리어를 자랑합니다.",
165,1000109193,0,몬드리안 서울 이태원(Mondrian Seoul Itaewon),5,4.6,415,"몬드리안 서울 이태원은 2020년 8월에 아시아에서 첫번째로 오픈한 세계적인 호텔 브랜드인 아코르 계열의 5성급 호텔입니다. 트렌디하고 감각적인 인테리어로 오픈 초반부터 국내 외 미디어와 소셜 미디어 상에서 꼭 방문해야 하는 핫플레이스로 자리잡고 있습니다.몬드리안 서울 이태원은 용산구 이태원(용산구청 인근)에 위치하여 강북과 강남을 잇고 있으며 차량으로 명동5분, 강남 10분, 그리고 이태원역, 녹사평역까지 도보 10분거리에 위치하여 다양한 지역으로부터 접근이 용이합니다.객실은 총295개로 일반 객실과 4가지 타입의 스위트룸으로 구성되어 있고 부대시설로는 프리미엄 브랜드인 테크노 짐으로 세팅된 피트니스 센터와 사우나, 그리고 실내수영장과 더불어 5층 실외 수영장이 있습니다.몬드리안 서울 이태원은 식음료 애호가들을 위한 다양한 선택을 제공합니다.클레오의 지중해식 요리, 알티튜드 풀 앤 라운지에서의 파티, 블라인드 스팟에서의 세련된 칵테일, 럼퍼스 룸과 프리빌리지에서의 건배에 이르기까지 모두를 만족시킬 다양한 맛과 분위기가 준비되어 있습니다.현지 문화와 다양한 국제적인 문화 체험을 할 수 있는 특별한 경험을 몬드리안 서울 이태원에서 즐겨보세요.",
166,1000108943,0,더 메이 호텔(The May Hotel),0,5.0,15,"· 2020년 4월에 그랜드 오픈한 종로 신축 호텔입니다.· 주변 관광지로 익선동, 인사동, 광화문,동대문,명동으로의 접근성이 좋습니다.",
167,1000108504,0,소테츠 프레사인 서울 명동,0,0,0,"· 지하철 4호선 명동역 8번출구 도보 5분, 2호선 을지로입구역 5번 출구에서 도보 5분의 거리에 위치해 있습니다.· 키오스크로 고객님 스스로 쉽게 조작하여 셀프, 체크인・체크아웃이 가능합니다.· 서울 비지니스와 관광의 중심지 명동에 위치하여 비지니스 고객, 자유 여행객들에게 최적의 장소입니다.",
168,1000108164,0,더 포스트 호텔 종로,0,0,6,"· 유러피안 스타일의 모던한 감성으로 특별하고 편안한 공간을 제공합니다.· 종로 3가역 주변 종각 젊음의 거리, 광장시장, 경복궁, 청계천 등 주변 볼거리와 먹거리가 가까이에 위치해있습니다.",
169,1000105525,0,호텔 순라,0,0,3,"· 순라길 옆에 위치하여 지하철역과 접근성이 좋은 순라입니다.· 심플하고 모던한 디자인으로 편안한 분위기에서 휴식이 가능합니다.· 한국 전통 문화를 느낄 수 있는 익선동, 인사동, 북촌 한옥마을 등이 가까이 위치하여 관광하기에 적합합니다.",
170,1000105463,0,발산 골든호텔,0,4.5,146,· 발산역 도보 3분 거리에 위치한 발산(마곡) 골든호텔입니다.· 편안하고 안락한 객실이 다양한 타입으로 준비되어 있습니다.· 김포공항 인근 마곡지구 내 위치하고 있어 비즈니스 고객 및 관광객에게 최고의 접근성을 제공합니다.,
171,1000105156,0,잠실(방이1호)호텔 더 캐슬,2,4.7,146,"· 잠실역 도보 6분 거리에 위치한 호텔 더 캐슬 방이 1 입니다.· 편안하고 안락한 객실이 다양한 타입으로 준비되어 있습니다.· 가족, 연인, 친구분들과 휴식시간을 가져보세요.",
172,1000103576,0,불광 포레스타 호텔,0,4.0,86,· 전 객실 Netflix / Youtube 무료 시청가능· 코로나 바이러스 예방 주기적 소독 실시,
173,1000103404,0,라코지스테이 서울,0,4.8,344,"· 도심속에 여유로운 휴식을 즐길 수 있는 라코지스테이서울입니다.· 전 객실 취사 가능으로 이용한 호텔로서, 편안한 서재같은 로비와 파티홀을 이용할 수 있습니다.· 호텔 주변 중랑역, 상봉역이 인근에 위치하여 접근성이 편리하며, 영화관, 시장, 병원 등 편의시설 도보 이동 가능한 거리에 있습니다.",
174,1000102538,0,트레블로지 명동 시티홀 호텔,3,5.0,28,"· 트레블로지 명동 시티홀 호텔은 트레블로지 체인의 국내 세번째 호텔입니다.· 서울의 중심부에 위치하고 있는 호텔은 새롭게 단장한 129개 객실과 레스토랑이 갖춰져있습니다.· 지하철 1, 2호선 시청역으로부터 도보 3분 거리에 위차하여 비즈니스 및 레저 고객 모두에게 편리함을 제공합니다.· 덕수궁과 남대문 시장, 명동 등의 관광명소 또한 도보 10분 거리로 쇼핑 밋 맛집 탐방도 쉽게 경험하실 수 있습니다.",
175,1000102154,0,퍼스트스테이호텔 이글,0,4.8,55,"· 모던하고 깔끔한 객실 인테리어로 편안한 휴식을 제공합니다.· 서울 여행하실 때 덕수궁, 광화문, 남대문, 명동 등 시내 어디든 편리하게 걸어서 이동 가능한 최적의 여행 장소입니다.· 시청역 도보로 약 3분 거리에 위치하고 있습니다.",
176,1000101592,0,호텔 아노블리,0,4.6,71,"· 압구정 로데오역에서 500m 이내 위치하고 있어, 신사동, 로데오거리 근접 · 전 객실 모두 취사 가능 ",
177,1000101180,0,코트야드 메리어트 서울 남대문,4,4.7,262,"· 코트야드 메리어트 서울 남대문은 최적의 입지와 이그제큐티브 라운지를 갖추고 있으며 서울 최고의 비즈니스 호텔 중 하나 입니다.· 고급스러운 바, 룸 서비스, 드라이클리닝, 무료 주차 등 서울 시내 비지니스 호텔만의 고품격 서비스를 항상 제공합니다.· 남대문 시내에 위치한 호텔로써 명동 쇼핑 지구, 역사 깊은 남대문 시장, 서울 시청, 경복궁, 서울역, 동대문 등과 가깝습니다.",
178,1000101062,0,신천(잠실새내) 호텔 더 캐슬,1,4.5,228,· 종합운동장역 9번출구 도보 5분 거리· 잠실새내역 4번 출구 도보 3분거리· 고객님들의 쾌적한 휴식을 위해 전객실 금연으로 운영중인 호텔 입니다 ,
179,1000100865,0,잠실 라몬호텔,0,4.4,12,· 잠실새내역 4번출구 도보 5분 ,
180,1000100528,0,제이미니 호텔,0,0,11,· 종로 3가역 도보 5분 이내 · 비즈니스 및 레저 고객 모두에게 만족시킬 수 있는 대한민국 중심인 종로에 있습니다. ,
181,1000100245,0,호텔 그레이스리 서울,3,4.8,2346,"· 저희 호텔은 정기적인 관내 방역 및 소독 실시, 전직원 마스크와 장갑착용, 프론트 투명칸막이 설치 등 고객님의 위생과 안전을 위해 최선을 다하고 있습니다.· 이에 모든 방문객을 대상으로 체온측정 및 문진표작성을 실시하고 있사오니, 고객님들의 적극적인 협조와 양해 부탁드립니다.· 북창동 먹자골목에 위치, 명동, 남대문시장, 시청광장, 덕수궁을 도보로 이동하실 수 있습니다. · 1,2호선 시청역에서 도보 5분거리 위치· 모든 객실에 욕조와 함께 아로마 입욕제가 구비되어 있습니다",
182,1000099895,0,호스텔베네 롯데타워점,0,4.2,134,"· 잠실역 도보 10분 거리 · 저희 호스텔베네는 최근 사회적 이슈에 대해 매우 진지한 태도로 예의주의하며 저희를 믿고 찾아주시는 한분 한분 고객에게 불편함이 없도록 최선을 다 하고 있습니다.매주 1회 이상 전체 소독을 하며 손잡이 및 엘리베이터 등 고객님들이 자주 다니고 쓰는 곳에 매일 4회 이상 소독을 하고 있습니다.체크인 하시는 모든 고객님들에게 체온측정도 하고 있으며 위생 및 방역에 최선을 다 하고 있습니다.저희 호스텔베네는 앞으로도 지금처럼 청결하고 청정하게 유지하여 저희를 믿고 찾아주시는 고객님들이 언제든 안전하고 편안하게 묵을실 수 있도록 만전을 기할 것을 약속드립니다.",
183,1000099647,0,포포인츠 바이 쉐라톤 서울 구로,4,4.8,2511,"· 포포인츠 바이 쉐라톤 서울, 구로는 서울 구로구 디지털벤처밸리의 중심에 자리잡고 있으며, 서울의 주요 지역과 편리하게 연결되는 지하철 2호선 ‘구로디지털단지역’에서 도보거리에 있습니다.· 호텔 입구에 있는 공항 리무진역과 함께 교통의 중심지로 대중교통 및 서울 주요 지하철 1,2,7호선에 접근이 용이하며, 김포 국제공항에서 30분, 인천국제 공항에서 45분 거리에 있습니다.· 포포인츠 바이 쉐라톤 서울, 구로는 30㎡의 넓고 편안한 객실과 객실 내 엔터테인먼트, 무료 Wi-Fi, 안락한 침구, 티 테이블, 무료 커피/차/커피 메이커, 업무용 책상,미니 냉장고, 개인금고, 55 인치 LED 스마트 TV 등을 갖추고 있으며, 고객님의 편의를 위한 ATM, 피트니스 센터, 제빙기, 세탁실, 비즈니스 센터, 컨시어지 서비스, 주차장 등 공용공간을 이용하실 수 있습니다.· 2층 레스토랑인 Table32에서는 신선한 재료로 클래식한 뷔페부터 라이브 스테이션까지 즐기실 수 있습니다. Café&Bar72에서는 모닝 커피로 하루를 시작할 수 있으며 현지 맥주를 제공합니다.",
184,1000099624,0,노원 리츠호텔,0,4.4,40,추천이유,
185,1000099457,0,신촌 메이저 호텔,0,5.0,15,추천이유,
186,1000095518,0,레스케이프 호텔,4,4.8,298,"· 레스케이프 호텔은 코로나바이러스감염증-19의 예방 및 관리를 위해 중앙방역대책본부의 지침에 따라 아래 예방대책을 준수하고 있습니다.· 호텔 입구 별 열화상 카메라 설치 및 감독· 호텔 내 모든 시설 및 장비 소독 강화· 호텔 공용 공간 내 손 세정제 비치 및 위생관리· 전 직원 마스크 착용 및 체온 측정 의무화· 부티크 호텔 인테리어의 대가 Jacques Garcia의 손길로 창조된 아름다운 공간에서 미식, 스타일, 데코레이션, 아트 등· 각 분야의 크리에이터들과 함께 문화와 트렌드, 미식을 아우르는 특별한 경험은 물론 일상에서 꿈꿔 오던 가장 완벽한 Romantic Escape를 선사합니다.· L'Escape 호텔은 시간이 흘러도 변치 않는 파리지엔의 감성과 로맨틱한 무드를 느낄 수 있는 One & Only 부티크 호텔입니다.",
187,1000095258,0,MUST STAY 호텔 선유도,0,3.7,92,· 2019년 5월 GRAND OPEN!· 아늑하고 모던한 객실로 편안한 투숙을 보장합니다.,
188,1000080197,0,수유 4월 2일,0,0,0,"· 2014년 6월 새롭게 오픈! 프로방스풍의 아늑한 펜션분위기를 느껴실수 있어요!· 수유사거리를 지나 성신여대운정그린캠퍼스,수유재래시장 등과 가까운 위치에 있어요. · 초고화질을 자랑하는 PDP와 최신영화까지 함께하는 VOD시스템으로 따뜻한 침대속에서 휴식시간을 가져가보세요!",
189,10042040,0,주니비노 호텔,3,5.0,2,· 합정역 인근에 위치한 편리한 입지와 편안한 서비스를 제공합니다.· 합정역 7번 출구에서 도보로 4분 거리에 자리하고 있습니다.· 호텔 내 비즈니스 / 피트니스 센터 / 루프탑 시설이 구비되어 있습니다.,
190,10041653,0,서울신라호텔,5,0,0,"· 서울 장충동에 위치한 한국 최고의 특급호텔, 서울신라호텔입니다.· 3호선 동대입구역 5번 출구에서 도보로 5분 거리에 있으며 명동과 동대문 방면으로 무료 셔틀버스를 운행하고 있습니다.· 호텔 내에 유명 작가들의 조각상이 모여있는 야외조각공원과 겔랑 스파가 있어 여유로운 휴식 시간을 보내실 수 있으며, 이그제큐티브 이상 객실에서는 이규제큐티브 라운지를 이용하실 수 있습니다.· 호텔 내에 중식, 일식, 한식, 프렌치, 뷔페 등 다양한 메뉴를 선보이는 5개의 레스토랑과 1개의 바가 있어 다이닝 선택의 폭이 넓습니다. 매일 아침 조식은 1층 '파크뷰'에서 즉석에서 조리한 뷔페를 즐기실 수 있으며 별도의 요금이 발생합니다.",
191,10041483,0,호텔 28 명동,3,5.0,2,"· 서울의 중심 명동에 위치한 국내 최초 SLH(Small Luxury Hotels of the World Ltd.) 멤버로서 품격 있는 가치를 선사합니다.· 지하철 2호선 을지로입구역 6번 출구에서 도보로 약 5분이면 도착하는 편리한 위치를 자랑하며, 명동거리에 있어 쇼핑을 즐기기에 좋습니다.· 주차 공간이 한정적인 관계로 사전예약제로만 운영됩니다. 투숙 시 주차를 원하실 경우 반드시 예약실 02-319-8888로 사전예약 부탁드립니다.· ※고객님의 안전하고 건강한 투숙을 위해 호텔28명동은 세계청결산업협회(ISSA)가 주관하는 'GBAC(Global Biorisk Advisory Council) 스타 인증'을 획득했습니다.",
192,10041261,0,아드리게 호텔,0,0,0,· 역삼역 바로 앞에 위치하여 접근성이 좋습니다.· 깔끔하고 고급스러운 인테리어로 낯선 호텔이 아닌 편안한 공간에 온듯한 분위기를 느낄 수 있습니다.,
193,10041075,0,잠실(방이2호)호텔 더 캐슬,2,4.4,12,"· 잠실역 도보 9분 거리에 위치한 호텔 더 캐슬 방이 2 입니다.· 편안하고 안락한 객실이 다양한 타입으로 준비되어 있습니다.· 가족, 연인, 친구분들과 휴식시간을 가져보세요.",
194,10040393,0,파라스파라 서울,0,4.7,7,"· 북한산 국립공원 자락 2만 3천평 대자연의 품 속에 자리한 파라스파라는 울창한 소나무 숲, 드넓은 잔디가 뿜어내는 산소로 서울에서 가장 맑고 깨끗한 공기를 숨쉴 수 있는 곳입니다.· 3개의 옥외 수영장과 다양한 편의시설, 100평 내외의 다양하고 아름다운 객실과 영빈관, 파라스파라에서 새로운 차원의 휴식을 경험해 보세요.· 강남에서 40분, 서울에 있는 유일한 리조트 파라스파라는 주말은 물론 평일에도 리조트에서의 출퇴근이 가능해지므로 가족과 비스니스를 위한 최상의 선택지가 될 것입니다.",
195,10040392,0,시그니엘 서울,5,0,0,"· 국내 최고층 건물인 롯데월드타워 76층~101층에 위치한 시그니엘서울은 한국의 아름다움을 현대적인 감각으로 풀어낸 객실(235실)에서 서울의 파노라믹한 스카이라인과 환상적인 야경을 조망할 수 있으며 일몰과 일출을 한 자리에서 감상할 수 있는 국내 유일의 호텔입니다.· 미식가들을 위한 천국이자 그 자체가 ‘고메 호텔(Gourmet Hotel)’로, 미쉐린 3스타 셰프 ‘야닉 알레노(Yannick Alléno)’가 ‘스테이(STAY)’ 레스토랑 운영과 더불어 호텔 내 모든 식음료(Food and Beverage)에 대해 총괄 디렉팅을 전담하여 웨딩에서부터 인룸다이닝 메뉴에 이르기까지 세계적인 스타 셰프가 제안하는 맛과 스타일을 경험할 수 있습니다.· 국내 최고층에 위치하여 햇살 가득한 에메랄드빛 풀에서 도심 속 망중한을 즐길 수 있는 호텔 수영장, 국내 최초로 선보이는 세계적인 프리미엄 스파 브랜드 ‘에비앙 (Evian) 스파’, 세계 최고층에 위치한 최첨단 시설의 연회장에서는 섬세하고 격조 있는 시그니엘서울만의 서비스가 펼쳐집니다.· 잠실 롯데월드 어드벤처, 월드타워&몰의 서울 스카이 전망대, 아쿠아리움과 인접하여 쇼핑, 관광을 즐기기에 적합합니다.",
196,10040290,0,헨나호텔 서울명동,0,4.5,84,세계 최초 로봇이 일하는 호텔로 기네스에 등재된 “헨나호텔” 명동에 첫 오픈.관광지 중심에 위치한 편리한 입지와 기술과 전통이 결합된 리셉션을 제공합니다.명동역 10번 출구에서 도보로 5분 거리에 자리하고 있습니다.,
197,10039449,0,화곡 드림 호텔,0,5.0,5,"· 사랑하는 연인과 로맨틱한 분위기를 누릴 수 있는 장소, 드림 호텔입니다.· ​특별한 드림 호텔에서의 1박 2일 짧은 시간이지만 편안하고 충분한 휴식을 느껴보세요.· 강서구청에서 도보로 약 6분 거리에 있어 찾아오기 쉽습니다.",
198,3020614,0,스타즈 호텔 독산,0,4.7,1426,"· 스타즈호텔은 별을 모티브로 하는 Star와 Zenith의 합성어입니다.· 스타즈는 별의 정점, 절정을 뜻하는 네이밍으로 최고중에 최고의 호텔 이라는 의미를 가지고 있습니다.· 이는 스타즈호텔이 지향하는 호텔의 정체성과 일치하며 같은 비젼과 같은 가치관을 공유하고 있습니다. 또한 고객에게 최고의 호텔을 제공하겠다는 스타즈호텔의 강한 의지를 나타냅니다",
199,3020165,0,여의도 메리어트 호텔,0,5.0,77,"· 메리어트 이그제큐티브 아파트먼트 서울은 총 103개의 스위트 객실과 수 피트니스 & 스파, 레스토랑으로 이루어진 메리어트 인터내셔널의 럭셔리 레지던스 브랜드입니다.· 최고급 시설과 품격 있는 인테리어는 고객분들께 또 하나의 보금자리로써 ‘내 집 같은 편안함’을 드리고자 설계되었습니다.· 하이엔드 라이프 스타일을 선도하는 멤버십 커뮤니티 수 피트니스 & 스파를 회원제로 운영하고 있으며, 실내 수영장, 실내 골프 연습장, 스쿼시 코트, 체련장 및 스파 시설을 갖추고 있습니다.· 여의도 공원의 아름다운 전망과 도심 속 야경을 함께 감상하며, 고객 한 분 한 분을 위한 서비스를 선보이는 파크카페는 파인 다이닝의 경험을 선사할 것입니다.",
200,3019103,0,호텔 디 아티스트 연신내점,2,4.7,110,"· 안녕하십니까?· 호텔 디 아티스트 연신내점을 방문하신 고객님을 진심으로 환영합니다.· 저희 호텔은 모든 방문 고객들을 대상으로 최고의 서비스를 제공하고자 노력하고 있습니다. 가족, 연인, 지인들과 함께 뜻깊은 시간을 보낼 수 있는 휴식처이며 성공적인 비즈니스를 성사시킬 수 · 있는 곳이 되고자 최신식 시설과 한걸음 앞선 서비스로 여려분을 모실 것입니다.· 북한산이 펼쳐지는 은평구 호텔의 성지· 연신내에서 즐기는 숲속 같은 휴식공간,· 야외수영장과 다양한 편의시설을 갖춘 고객중심의 호텔!",
201,3017944,0,서초 나인스,0,4.8,56,· 서초에서 분위기 좋은 모텔로 손꼽히는 나인스는 최고급 시설과 세련된 인테리어를 자랑합니다.· 일반실에서 로얄스위트까지 여러타입의 객실을 갖추고 있어서 다양하게 즐기실 수 있어요!· 지하철 3호선 남부터미널역에서 도보 5분 거리에 위치해 있어서 교통이 편리해요:),
202,3017630,0,동대문 호텔 그림,0,3.4,24,"외대앞역에있는 그림미니호텔입니다.주변 경희대 외대 삼육병원이 위치하고 있으며, 중랑천이 바로 앞에 있어 아담하고 조용한 휴식공간입니다. 장,단기 출장에 적합한 장소로 동대문이 4정류거리에 있습니다",
203,3017053,0,종로 호텔 그림,0,0,38,· 깔끔한 인테리어로 편안한 휴식 공간을 제공합니다.· 종로 3가역에서 5번출구에서 약 1분 거리에 위치해 있습니다.,
204,3017048,0,호텔 스타 선릉,0,3.8,20,· 대중적이면서도 개성 있는 호텔로 낯선 호텔이 아닌 편안한 공간에 온듯한 분위기를 느낄 수 있습니다.· 선릉역 8번출구 1분 이내 거리에 위치해 있어 접근성이 매우 뛰어납니다,
205,3017005,0,홍대 보보 호텔,0,4.4,297,"· 편안하고 깔끔한 인테리어로 꾸며진 공간에서 편안함을 즐겨보세요.· 합정역, 홍대입구역, 홍대 거리 인근에 위치해 있습니다.",
206,3016482,0,종로 몽 호텔,0,4.3,223,"· 연인과 여행객, 가족호텔 그리고 비즈니스 고객을 모두 만족시키는 다양한 객실타입을 갖춘 대한민국 중심인 종로 대표 호텔 몽입니다.· 다양한 테마 객실로 편안한 휴식을 선사합니다.· 종로3가역, 종각역, 청계천 이동이 쉽습니다.",
207,3016288,0,구로 JS 호텔,0,4.5,263,"· 서울의 디지털 문화 비지니스의 중심지 구로 및 가산 지역에 위치한 구로 제이에스 호텔은 빌트인 시설과 편안한 숙소에서 휴식을 취할수 있도록 최적화 되어있는 아파트먼트 호텔입니다.· 부티크니즈 고객들과 비지니스 고객 모두 이용하기 용이한 호텔로서 실용적인 구조설계를 통해 고객분들께 높은 만족감을 전하고자 심혈을 기울여 오픈하였습니다.· 그와 더불어 품격있는 서비스를 통하여 고객분들 한분한분께 세심함까지 더하고자 합니다. 방문해 주시는 모든 고객분들께 감사의 말씀을 전하며, 좋은숙소로 기억되길 희망해 봅니다.· 가산디지털단지역 도보 10분 거리에 위치해 있습니다.",
208,3016041,0,잠실 포레스타 2 호텔,2,4.1,238,"· 잠실 포레스타 2 호텔 Grand Open!· 먹자골목, 잠실 한강공원이 근처에 위치해 있어 특별한 휴가를 즐길 수 있습니다.· 잠실새내역 4번 출구 도보 5분 거리에 위치해 있습니다.",
209,3015758,0,강남 데미안 호텔,0,4.4,106,"· 일상에서 벗어나 감성을 자극할 수 있는 도심 속 부티크 공간을 즐길 수 있습니다.· 강남구 도곡동에 위치하여, 강남세브란스병원, 역삼역, 한티역 등이 인접해 있습니다. ",
210,3015424,0,부티크 호텔k 동대문점,0,4.2,71,· 모던한 인테리어의 객실과 최상의 시설은 투숙객을 위한 편안함과 편리함을 제공할 것입니다.· Boutique hotel k Dongdaemun은 고객을 최우선으로 하는 서비스 정신을 바탕으로 고객 여러분들께 큰 만족을 드리기 위해 항상 최선을 다하겠습니다.,
211,3015403,0,베니키아 호텔 카카오,1,4.1,327,"· 내 집 같은 편안함을 느낄 수 있는 모던한 호텔입니다.· 교통과 쇼핑의 중심 영등포역, 타임스퀘어가 인접해있습니다. ",
212,3015326,0,더 그랜드 스위트,0,0,11,"· 도심속의 자연(호텔 뒷편 백련산)에 위치한 그랜드 힐튼은 자연 친화적인 특1급 호텔의 쾌적함을 제공합니다.· 고객 편의를 위해 호텔과 시내중심가, 이태원을 오가는 셔틀버스를 1시간 간격으로 운행합니다.· 한 겨울에도 따뜻한 실내 수영장(유아풀)과 품격 있는 넓은 로비 라운지, 다양한 선택이 가능한 레스토랑에서 완벽한 휴식을 즐겨보세요.",
213,3015070,0,WD호텔,0,4.6,768,· WD HOTEL은 서울 신림동에 위치하여 국내외 비즈니스 고객과 관광객 모두를 위한 프리미엄 호텔입니다.· 차별화된 서비스와 시설로 편안하고 안락한 휴식을 제공하여 다시 찾고 싶은 호텔이 될 수 있도록 최선을 다하겠습니다.· 신림역 6번 출구에서 도보 2분 거리로 찾아오기 쉽습니다.,
214,3014947,0,호텔 스타 건대,1,3.0,75,"· 어린이대공원 남문에서 도보로 2분, 건국대학교와 도보로 10분 거리로 어디서든 쉽게 찾아오실 수 있습니다.· 건대 먹자골목과도 가까워 먹부림도 즐길 수 있고 호텔 바로 앞 어린이대공원이 있어 로맨틱한 데이트를 즐기기에 딱 좋은 장소 :) · 청결하고 푹신한 침구뿐만 아니라 트렌드에 맞춘 세련된 인테리어로 고객님을 만족시키는 호텔 스타 건대입니다!",
215,3014794,0,파티오세븐 호텔,0,4.5,832,"· 2020년 9월 1일 부, 정부의 사회적 거리두기 강화 지침에 따라 추후 공지 시까지 조식운영이 일시 중단 됩니다.· ★주 3회 세스코 방역 / 전 직원 마스크 착용 / 발열체크 실시, 코로나 안심호텔★· PLAY WELL! EAT WELL! SLEEP WELL! 안락한 정원에서의 휴식이 특별한 라이프스타일로 변화되는 공간, 파티오세븐 호텔입니다.· 파티오세븐은 한국 전통 난방 시스템인 온돌(Floor Heating) 과 친환경 원목마루로 추운 겨울 따뜻함을 즐기실 수 있도록 ‘Sleep Well’의 가치를 더하였습니다.· 비즈니스, 쇼핑, 문화, 교통의 중심지인 강남권에 위치해 있으며 학동역 8번 출구 도보 5분 거리에 위치하여 최고의 접근성을 자랑합니다.",
216,3014652,0,코업시티호텔(오류스테이션),0,4.0,595,"따뜻하고 안락한 서비스를 제공하여 가족과 친구들이 편안하게 모일 수 있는 장소, 성공적인 비즈니스를 성사시킬 수 있는 곳이 되고자 한걸음 더 나아간 서비스로 고객 여러분을 모실 것을 약속합니다비즈니스, 휴가 또는 특별한 행사로 저희 호텔에 머무르시는 동안 필요한 서비스가 있으시면, 언제든지 문의하시기 바랍니다.· 마리오아울렛, 신도림 테크노마트, 구로 AK플라자 등 대규모 쇼핑타운과 인접하여 데이트 및 쇼핑을 즐기시려는 여행객에게 안성맞춤인 호텔입니다!",
217,3014511,0,G2 호텔 명동,3,0,65,"· G2 호텔은 서울 시내 비즈니스와 쇼핑의 중심인 명동에 위치하여 최고의 입지를 자랑합니다.· 명동 최상의 서비스를 제공하는 더 그랜드호텔의 운영 노하우를 바탕으로 세련되고 품격 있는 서비스를 약속드립니다.· Classy 한 감각의 G2는 새로우면서도 편안한 호텔로서 남산의 전망을 한눈에 즐길 수 있는 객실과 캐주얼 퓨전 이탈리안 레스토랑, 피트니스센터, 그리고 24시 이용할 수 있는 비즈니스 센터를 갖추고 있습니다.",
218,3014506,0,DH 네상스 성신여대,0,5.0,225,"· DH 네상스 호텔은 서울에서 가장 프랜들리한 컨셉의 호텔이며 최적의 위치를 자랑합니다.· 깔끔한 인테리어와 합리적인 가격으로 편안한 휴식을 제공합니다.· 지하철 4호선 성신 여대에서 3분 거리에 위치해 있습니다. 그리고 대학로 두 정거장, 동대문 세 정거장, 명동의 여섯 정거장 떨어져 있습니다. 종로와 인사동 또한 매우 가깝습니다.",
219,3014101,0,노원 럭스 호텔,0,4.0,42,"· 우아하고 모던한 인테리어로 품격이 있는 매력적인 공간이 탄생했습니다.· 일상에서 느낄 수 없는 독특한 감성을 자극하는 공간, 편안하면서도 머무는 즐거움을 느끼게 합니다.· 노원역에서 도보 5분 거리로 찾아오기 쉽습니다.",
220,3013914,0,오월호텔,2,4.6,263,· 일상에서 벗어나 감성을 자극할 수 있는 도심 속 부티크 공간을 즐길 수 있습니다.· 간결한 도시미와 효율적인 공간을 구현한 오월호텔입니다.· 역삼역 1번출구 도보 7분에 위치해있습니다.,
221,3013454,0,ENA 스위트 호텔 남대문,3,4.8,586,"· 친숙한 고객서비스와 실용적인 디자인을 갖춘 객실을 제공함으로써 고객님의 성공적인 비즈니스, 여행 그리고 휴식을 약속 드립니다.· 현대적인 상업구역과 한국의 전통이 조화를 이룬 신선함의 중심에 있는 ENA 스위트 호텔 남대문입니다.· 시청역, 남대문, 덕수궁, 서울역, 명동거리, 청계광장, 광화문 광장이 인근에 위치해있습니다.",
222,3013387,0,포포인츠 바이 쉐라톤 서울 강남,4,4.7,485,· 총 199개의 스타일리시하면서 모던한 객실을 갖춘 포포인츠 바이 쉐라톤 서울강남은 비즈니스맨은 물론 여행객들에게 최적의 호텔입니다.· 서울의 중심인 강남 대로변에 위치한 확트인 전망과 함께 고객님의 소중한 분들과 즐겁고 여유로운 시간을 보내기에 충분한 호텔입니다.· 강남의 활동적인 도시를 조망할 수 있는 감각적인 객실 디자인과 캐주얼한 분위기 속에서 조용하고 프라이빗한 여유를 만끽해보세요.,
223,3013270,0,그랜드 워커힐 더글라스 하우스,5,4.9,84,"· 한강 전망이 아름다운 서울 아차산 자락에 위치한 특1급 호텔!· 도심 속 자연에서의 편안한 휴식과 연회, 엔터테인먼트 등 최고급 서비스를 함께 제공합니다.· 봄의 벚꽃, 여름의 녹음, 가을의 단풍, 겨울의 설경을 모두 즐길 수 있는 뚜렷한 사계절로도 유명합니다.",
224,3013105,0,종로 POP1 호텔,0,0,49,"· 종로에서 가장 핫한 호텔들 중에 하나인 종로 POP1이 호텔나우에 떴다! +_+ 스탠다드, 디럭스, 프리미어, 스위트 각 타입별 모두 다른 인테리어가 특징인 호텔이에요!· 종로3가역 5번출구에서 도보로 아주 가까운 거리에 위치하고 있어 찾기가 매우 쉬워요!· 넓고 깨끗한 호텔 로비에는 간단한 미니바가 마련되어 있어 투숙객을 위한 세심한 배려가 돋보여요! 또한 객실 중에서는 키티방이 가장 인기가 많다는 소문 *_*",
225,3012599,0,호텔 더 디자이너스 프리미어 건대,2,4.5,464,"· 건대에서 가장 높은 뷰를 자랑하는 2가지 컨셉이 공존하는 스카이 라운지 카페&바 일레븐 라운지가 행복한 시간을 선사합니다.· 고풍스러운 빈티지한 공간, 현대적 감각의 모던한 공간, 아늑하고 신비로운 공간 등 아름다운 추억을 간직할 수 있는 공간을 제공합니다.· 어린이대공원역 4번 출구에서 도보 10분 거리로 찾아오기 쉽습니다!",
226,3012574,0,H Avenue 건대점,2,4.4,570,"· 에이치에비뉴 호텔 건대점은 코로나19 바이러스의 예방과 확산 방지를 위해 손 소독제를 비치하고 있으며 전 직원이 마스크를 착용하여 철저하게 위생 관리를 하고 있습니다.· 새로운 컨셉과 디자인 공간을 갖춘 프리미엄 브랜드 H Avenue 건대점에서 특별한 추억 만들어보세요.· 런던이나 뉴욕의 스튜디오 같은 객실은 이국적인 분위기와 리프레시를 위한 하룻밤을 선사합니다.· 건대입구역, 어린이대공원역에서 도보로 약 10분 거리에 위치해 있어 찾아오기 쉽습니다.",
227,3012557,0,신천 상주 호텔,0,4.5,353,"· 잠실 신천에 위치해 있어 잠실종합운동장, 석촌호수, 롯데월드, 코엑스에 약 5분이면 갈 수 있는 편리한 교통에 위치해 있습니다.· 즐거운 휴식과 여행을 위해 전 임직원이 호텔 서비스에 최선을 다할 것을 약속드립니다.",
228,3012553,0,호텔 엠펠리체,3,4.7,1694,"· 국제공항에 가갑고 호텔 주변 대형 쇼핑몰, 영화관 등의 다양한 편의시설이 있습니다.· 엠펠리체는 여행객을 위한 핫플레이스 관광지는 물론 쇼핑, 맛집 등 가까운 위치에 근접해 있습니다.· 청결하고 실용적인 가격의 객실과 품격높은 레스토랑, 원두향이 가득한 카페, 성공적인 업무를 위한 비즈니스 센터가 있습니다.· 엠펠리체에서 가족, 연인, 친구와 함께 기억에 남는 뜻깊은 시간을 보내실 수 있습니다.· 서울 식물원과 5분거리에 위치해 있습니다.",
229,3012550,0,호텔 쿠레타케소 인사동,2,4.6,297,· 세련된 디자인 객실로 보다 편안한 휴식을 제공합니다.· 투숙객에 한해 사우나 및 피트니스 센터 무료로 이용하실 수 있습니다.· 종로 3가역 5번 출구에도 도보로 약 3분 거리에 위치해 있어 편리합니다.,
230,3012501,0,잠실 포레스타 호텔,1,4.3,355,"· 감각적이고 모던한 인테리어 객실에서 여유로운 휴식을 즐겨보세요.· 먹자골목, 잠실 한강공원이 근처에 위치해 있어 특별한 휴가를 즐길 수 있습니다.· 잠실새내역 4번 출구 도보 5분 거리에 위치해 있습니다.",
231,3012216,0,JK 블라썸 호텔,0,4.5,2297,"· JK Blossom HOTEL은 편리한 교통환경과 증미산, 한강 그리고 주택지역에 위치하여 안전하고 친환경적인 주변환경을 구성한 호텔입니다. 염창8경 스토리와 유명작가들의 미술전시회장과 한강뷰&서울야경을 볼수 있는 서울의 리조트형 호텔이기도 합니다.· 호텔내에는 편의점, 헬스장, 사우나, 골프장, 연회장, 교육장, 레스토랑등 다양한 즐길 거리가 있으며 호텔 주변으로 한강공원, 여의도, 명동, 북촌한옥마을, 남산타워, 경복궁 등 서울의 주요관광지와의 접근도 용이합니다.· 호텔에서 제공하는 컨시어지 서비스를 통해서 다양한 여행상품을 구매할수 있으며, 각종 공연, 교통편등 고객이 필요한 상품을 제공하고 있습니다.",
232,3012209,0,합정 써클호텔,0,4.5,126,"아름다운 도심과 한강 조망권을 자랑하는 호텔 써클은 지친 일상의 피로를 잊고 깊은 휴식을 취할 수 있는 현대적이고 감각적인 디자인 호텔입니다.진정한 휴식을 만끽할 수 있는 욕실의 공간이 분리된 획일적인 구조에서 벗어나, 흔히 볼 수 없는 구조와 탁월한 세련된 감각의 개성 있는 디자인 객실을 제공합니다.아름다운 도심경관을 즐기며 편안하고 안락한 휴식을 취할 수 있도록 고객을 위한 배려를 최우선으로 하는 모습을 보여드리겠습니다.",
233,3012206,0,H Avenue 성신여대점,0,4.6,470,"· 고품격 인테리어, 최상의 서비스를 갖춘 성신여대 H 에비뉴 호텔에서 가족, 연인, 친구들과 특별한 추억 만들어보세요.· 런던이나 뉴욕의 스튜디오 같은 객실은 이국적인 분위기와 리프레시를 위한 하룻밤을 선사합니다.· 지하철 4호선 성신여대입구역(돈암) 1번출구 200m 직진 무료 구내 전용 주차장도 제공하고 있으며, 차량 이용 시 근접한 거리에 광화문광장, 경복궁, 창덕궁까지 가실 수 있습니다.· 4호선 우이신설선 성신여대입구역(도보5분) / 6호선 우이신설선 보문역(도보15분)의 주변에 위치해있어, 서울 및 주변 지역까지 편리하게 이동하실 수 있습니다.",
234,3012193,0,동대문 루미아,2,4.2,147,"· 2017. 12 GRAND OPEN! 모던한 인테리어와 깔끔한 객실 컨디션을 제공합니다.· 다양한 객실 타입에서 편안한 휴식을 즐길 수 있습니다.· 동묘역, 신설동역에서 도보로 약 5분 거리에 위치해있습니다.",
235,3012170,0,호텔 더 디자이너스 DDP,2,4.3,195,"· 2017. 12 GRAND OPEN! 김완선, 김준희, 강지유 등 여러 디자이너의 다양한 컨셉룸을 만나보세요!· 커플, 친구들과 프라이빗한 파티를 할 수 있는 세련된 공간, 세련되고 현대적인 느낌의 감각이 한곳에 잘 어우러지는 객실 공간을 선사합니다.· 동대문역사문화공원역 5,6번 출구에서 도보로 약 2분 거리로 접근성이 좋습니다.",
236,3012106,0,용산 레인보우 호텔,0,1.0,113,"· 최신 트렌드를 반영한 감각적인 디자인과 유니크한 소품들이 어우러진 멋진 공간을 경험하실 수 있습니다.· 편안함과 최상의 시설, 최고의 서비스를 제공해 드릴 것을 약속드립니다.· 레인보우 호텔은 1호선 남영역, 4호선 숙대 입구역 인근, 이태원에서 약 10분 거리에 위치하고 있습니다.",
237,3012098,0,부티크 호텔 수,0,4.5,62,· 모던하고 우아한 분위기의 인테리어가 돋보이는 부티크 호텔 수입니다.· 대학가에 위치해 다양한 먹거리와 볼거리를 쉽게 접할 수 있습니다.· 회기역 1번 출구에서 도보 4분 거리에 위치해 있습니다.,
238,3012004,0,더메이 포레스트빌 동대문,0,0,22,"· 도심 속 바쁜 일상을 벗어나 즐기는 휴식, 작은 정원과 아늑한 공간에서 힐링해보세요.· 더 메이 포레스트빌은 예쁜 넓은 정원과 테라스가 있으며 현대적인 장식으로 꾸며진 실용적이고 세련된 객실을 갖추고 있습니다.· 지하철 2호선, 4호선, 5호선 동대문역사공원역, 3호선 동대입구역에서 도보 5-6분 거리로 최상의 위치입니다.",
239,3011838,0,가야 라트리 호텔,1,4.9,85,"· 가야 라트리 호텔은 최신 트렌드를 반영한 감각적인 디자인과, 유니크한 소품 들이 어우러진 멋진 공간을 연출하였습니다.· 누릴 수 있는 편안함과 최상의 시설, 최고의 서비스를 제공해 드릴 것을 약속드립니다.· 용산역, 서울역, 시청, 명동, 남대문, 이태원 등 서울의 주요지점과 인접하고 있습니다.",
240,3011832,0,디 아티스트 호텔 성신여대점,2,4.7,513,"· 호텔 디 아티스트는 청소년 보호법에 의해 신분증 검사를 하고 있습니다. 입실 시 신분증 확인이 안 될 경우 입실이 불가 합니다 꼭 신분증을 지참해주세요  · 전 객실 영국 최고의 브랜드 로렌 윌리엄스 메트리스 구비로 최고의 편안함을 선사합니다.· 모던한 인테리어, 쾌적한 객실 시설, 최상의 서비스를 제공합니다.· 성신여대입구역 1번 출구에서 도보로 약 3분 거리에 위치해있습니다.",
241,3011734,0,호텔 아이린 시티,0,4.3,103,"· 1, 2호선 시청역 7번 출구에서 도보로 5분 거리에 자리한 호텔 아이린 시티는 주변의 관광 명소를 손쉽게 둘러보실 수 있는 편리한 위치를 자랑합니다.· 완비된 아늑한 객실에서 편안하게 휴식을 취하실 수 있습니다.· 숭례문과 덕수궁이 걸어서 7분, 청계천이 도보로 14분 거리에 있으며 인사동이 차로 11분 거리에 자리하고 있습니다.",
242,3011362,0,신림 호텔어반,0,4.1,117,"· HOTEL 어반은 원칙을 지킵니다.· 도심속 Boutique & Business HOTEL로 세련되고 고급스러운 디자인과 아늑한 분위기의 객실 인테리어, 세심한 서비스들을 통해 고객분들께 내집과 같은 편안함을 선물해 드립니다.· 지하 1층 스크린 골프장에서는 바쁜 도심에서 벗어나 여가를 즐기시고, 5가지의 타입의 객실에서는 여유와 안정을 찾으시며, 파티룸 & POOL에서 소중한 추억을 만들 수 있습니다.· 어반에서 사랑하는 연인과, 친한 친구들과 보내는 시간이 항상 반짝일 수 있도록, HOTEL 어반은 원칙을 지킵니다.",
243,3011147,0,종로 그리드인 호텔,0,4.9,28,· 2016년 12월 GRAND OPEN! 크고 화려함보다는 작고 아름다운 공간을 지향하며 내 집 같은 편안함을 추구하는 종로 그리드인 호텔입니다.· 맑은 물이 흐르는 청계천을 지키며 대한민국 오천년 역사를 그대로 품고 있는 마을 관수동에 위치한 그리드 인에서 남산을 바라보며 편안한 휴식을 즐겨보세요.· 도보로 이조 5백년 유적지를 관광하고 24시간 상권이 형성된 명동과 동대문과 남대문이 인접하여 여행자라면 누릴 수 있는 모든 것을 경험할 수 있습니다.,
244,3011034,0,파크 하비오 호텔,3,4.4,1381,"· 영화관, 워터파크, 찜질방, 피트니스센터, 마트 등으로 구성된 복합 단지로서 국내외 비즈니스 고객과 레저 관광객을 위한 도심 속 문화 복합형 호텔입니다.· 지상 및 지하 스트릿 상가에 30여 개의 식당, 10곳 이상의 카페, 편의점, 월드마켓, 드럭스토어, 잡화점 시설이 갖춰져 있습니다.· 장지역 4번 출구에서 도보로 약 5분 거리에 있습니다.· 영화관람  이벤트· 호텔 예약을 하면 영화 관람이 따라온다!· 객실 예약 1건 당, 투숙 기간(체크인 날짜-체크아웃 날짜) 이내 1회 영화 무료관람 혜택 제공· 기한: 상시 (추후 종료기한 공지 시점까지)· 장소: 메가박스 송파파크하비오점· 인원: 객실타입 별 기준투숙인원 이내 가능· 방법: 호텔 체크인 시 발급되는 체크인 티켓을 메가박스 송파파크하비오점 현장에서 제시하고 원하는 영화 관람· 객실 체크인 시작 시간은 오후 3시부터 입니다. (체크아웃 시간: 오전 11시)· 영화관 방문 당일 영화 관람이 가능 합니다 (다음날 영화 예매 불가).· 기본 투숙정보가 기재된 체크인 티켓이 예매권을 대체 합니다 (실물 티켓만 인정).· 영화관 운영 여부에 따라 혜택 제공이 불가할 수 있습니다 (COVID-19 영향으로 사전 공지 없이 영화관이 휴장하기도 함).· 상영 영화 관련 정보는 메가박스 파크하비오 웹페이지(https://www.megabox.co.kr/?menuId=theater-detail&cinema=1381)를 통해 확인해 주시기 바랍니다.",
245,3010885,0,Must Stay 호텔 명동,0,4.2,31,· 주변에 서울 관광명소가 많아 심심할 틈이 없는 최적의 장소! 자동차로 4분거리인 남산과 도보로 6분거리인 남대문시장! 쇼핑의 천국 명동까지 서울을 제대로 즐길 수 있어요~· 기차역 서울역과 가까워서 지방에서 놀러온 관광객들도 호텔을 편하게 찾으실 수 있어요~· 화려함대신 실속과 세련됨을 갖춘 실속형 호텔입니다!,
246,3010580,0,도봉 호텔베이204,2,4.5,782,· 2017.07.08 GRAND OPEN! 전면 창으로 보이는 도봉산은 도심 속에 자연을 만끽하며 힐링을 느끼실 수 있습니다.· 고급 대리석 외장과 스페셜한 가구의 인테리어는 특급호텔과 견주어도 손색이 없으며 특등급 침구 안락함으로 편안한 휴식처를 제공하고자 합니다.· 방학역(도봉구청) 1번 출구에서 도보로 약 3분 거리에 위치해있습니다.,
247,3010553,0,도봉 더데이 호텔,0,0,213,"· 모던한 인테리어와 최상급의 객실 컨디션을 제공하는 더 데이 호텔입니다.· 고급스러운 외관과 세련되고 넓은 공간, 영화 속에서 볼 듯한 특별한 테마 인테리어로 특별한 경험을 선사합니다.· 도봉역, 도봉산역에서 도보로 약 7분 거리에 있어 어디서든 찾아오기 쉽습니다.",
248,3010291,0,도미니크 호텔,0,4.4,244,"· 각 분야별 디자이너의 컬러와 조명 그리고 소품 등의 협업으로 탄생한 9가지 타입의 개성있는 공간의 유럽 감성의 부티크 호텔입니다.· 편안한 휴식을 취할 수 있도록 준비된 최상의 침구와 조명, 개성있는 그림까지 공간의 한계를 넘어선 문화 감성 공간입니다.· 신대방역에서 도보로 약 10분 거리, 신림역에서 약 15분 거리로 어디서든 쉽게 찾아오실 수 있습니다.",
249,3010242,0,잠실 코너호텔,0,4.4,582,"· 심플 & 모던 컨셉의 깔끔한 객실, 최상의 서비스를 제공하는 잠실 코너 호텔입니다.· 다양한 먹거리와 든든한 조식을 운영하고 있어 비즈니스 고객님들에게 추천드립니다.· 석촌역, 송파역에서 도보로 약 5분 거리에 있어 찾아오기 쉽습니다.· 9/10 가락고등학교 시험관련 미성년자 예약 시, 부모님 동행 후 현장에서 체킹 및 동의서 작성 시 입실이 가능합니다.",
250,3010209,0,호텔 컬리넌 개포,0,4.3,216,"· 도시적인 감성과 독특한 디자인, 드라마틱한 공간 연출을 선보이며, 특별한 당신을 위한 특별한 공간을 제공합니다.· 모던한 분위기의 부티크 호텔로 예술적인 감성을 느낄 수 있는 객실 디자인을 제공합니다.· 양재역, 양재시민의숲역, 매봉역에서 차량으로 약 5분 거리에 위치해있습니다.",
251,3010149,0,H Avenue 이대점,2,4.1,598,"· 기분 좋아지는 색감과 인테리어, 깔끔한 모던함이 느껴지는 편안한 휴식공간을 제공하는 H 에비뉴 이대점입니다.· 런던이나 뉴욕의 스튜디오 같은 객실은 이국적인 분위기와 리프레시를 위한 하룻밤을 선사합니다.· 주차장이 없는 업장입니다 - 이용시 이 점 꼭 감안 부탁드리며, 주차를 원하실시 근처 유료공영주차장 [신촌기차역,창천공영주차장] 을 이용 부탁드립니다.· 연세대학교/이화여자대학교/서강대학교와 근접해있는 편리한 접근성 : 신촌역5번출구 도보5분 / 이대역6번출구 도보5분· American Breakfast 와 함께하는 기분좋은 아침! - 간편하지만 든든한 한끼 아침을 저렴한 가격에 만나보세요 :)조식운영시간 - 오전8시~오전9시30분 (1시간30분/ 개인적 사유로인한 운영시간 번경불가) : 1인기준 5천원의 현장추가비용발생.메뉴 : 빵,씨리얼,샐러드,토스트,볶음밥,쥬스 등 *메뉴는 호텔 내부 사정에 따라 상시 변경될 수 있습니다.",
252,3009874,0,호텔 브릿지(구마루),0,4.4,335,"· 기존 호텔 마루가 리모델링을 통해 호텔 브릿지로 새롭게 찾아뵙습니다. · 각 객실별로 모던하고 트랜디한 테마가 있어 지내시는 동안 다양한 즐거움을 느끼실 수 있습니다.· 오목교에 인접한 호텔 브릿지는 고객님의 여행과 비즈니스가, 편안한 휴식으로 가실 수 있는 튼튼한 다리게 되겠습니다.· *코로나19 확산 방지를 위하여 모든 고객의 체온을 측정하며, 일정 체온 이상 시 입실이 거부될 수 있습니다. 양해 부탁드립니다· ★호텔 전 구역 코로나 살균 소독 완료★ · 무료 조식제공 이벤트 중단 안내· 고객님들께 따듯한 아침을 대접해드리고자 하는 마음으로 준비 하였던 '무료 조식 제공 이벤트' 중단을 안내 드립니다.최근 문제가 되고있는 코로나 바이러스 확산에 저희 호텔은 지자체의 협조요청에 따라 조식서비스를 3월 1일부터 중단하게 되었습니다.저희 호텔은 정기적인 방역으로 코로나 바이러스 확산 방지에 총력을 다하고 있으며, 서울시에서 지정한 방역 안심 시설로 운영되고 있습니다.너그러운 마음으로 양해를 부탁드립니다.",
253,3009658,0,명동 뉴 스테이 인,0,5.0,40,"· 아늑하고 편안한 감성의 모던한 인테리어로 깔끔하고 쾌적한 하루를 선사합니다.· 명동 중심 거리에서 걸어서 5분 정도로 매우 가깝고, 동대문도 걸어서 10분 정도로 관광 및 쇼핑하기에 최고의 위치에 자리하고 있습니다.· 명동역, 충무로역에서 도보 5분 거리로 찾아오기 쉽습니다.",
254,3009604,0,보눔 1957,0,3.0,39,"· 서울에서 한옥의 분위기를 제대로 느껴볼 수 있는 특급호텔로 테라스와 뜰이 있어 서울 도심이 아닌 것 같은 느낌을 선사하는 힐링 플레이스입니다.· 외국인들에게도 무척 인기 좋은 이곳은 경복궁 근처에 위치해 지리적으로도 서울 여행을 하기 좋은 곳입니다.· 종로, 경복궁, 창덕궁, 조계사, 창경궁, 숭례문, 남산, 명동, 광화문, 시청 등 어디든 이동하기 좋은 입지에 위치해 있습니다.",
255,3009564,0,더 리센츠 동대문 호텔,3,4.7,1493,"· 내 집과 같은 편안함으로 공간 이상의 가치가 숨 쉬고 있는 리센츠 호텔입니다.· 비즈니스를 위한 최고의 서비스와 프리미엄 베드의 편안한 감촉, 수준 높은 트렌드를 만나실 수 있습니다.· 대한민국 쇼핑의 메카인 동대문을 아울러 장한평역에서 약 도보 3분 이내의 거리에 위치해 있습니다.",
256,3009440,0,호텔 더 디자이너스 서울역,2,4.3,855,"· 감각적인 디자인의 호텔 더 디자이너스 서울역은 독특함을 선사함과 동시에 트랜디한 다양한 편의시설을 통해 상쾌하고 편안한 휴식을 제공합니다.· 가족끼리, 연인끼리, 친구끼리, 회사 동료끼리 즐거움과 휴식을 즐길 수 있는 고급스러운 차별화된 Theme Design을 경험하실 수 있습니다.· 숙대입구역 10번 출구 바로 앞에 위치해 있어 찾아오기 쉽습니다.",
257,3009403,0,블레싱 인 서울,0,4.5,599,"· 서울에서 즐기는 여유로운 휴식공간, 소박하고 깔끔한 실내와 편안한 공간구성을 제공합니다.· 내 집처럼 안락한 휴식을 제공하며, 신축 건물로써 깨끗한 룸 컨디션과 청결한 서비스를 보장합니다.· 회기역, 서울시립대학교에서 도보로 약 9분 거리로 찾아오기 쉽습니다.",
258,3009264,0,로얄스퀘어 호텔 서울,0,4.7,1220,"· 로얄스퀘어호텔이 추구하는 합리적인 프리미엄은 실용성, 편안함, 고급스러움으로 대표됩니다.· 모던한 디자인, 실용성을 생각한 인테리어, 그리고 편안함을 추구하는 서비스까지 잊혀지지 않을 특별한 시간이 준비되어 있습니다.· 김포공항에서 서울로 향하는 첫번째 호텔로, 공항대로에서 진입하기 좋을 뿐 아니라 서울로의 접근성도 뛰어난 곳에 위치하고 있습니다.",
259,3009016,0,비스타 워커힐 서울 (구 W 호텔),5,4.9,101,"· 사계절이 아름다운 아차산과 한강의 에너지를 그대로 품은 비스타 워커힐 서울에서 가슴 설레는 여행을 시작해 보세요.· 비스타 워커힐 서울은 자연 친화적인 환경과 세련되고 드라마틱한 공간 연출로 새로운 라이프 스타일 트렌드를 선도합니다.· 잠실에서 5분 거리, 강남에서 20분 거리의 2호선 강변역과 5호선 광나루역 인근에 위치하고 있습니다.",
260,3008330,0,호텔 부티크9 군자,1,4.5,550,"· 이국적인 공간 배치를 기반으로 편안함을 기본으로 릴렉스한 분위기와 아늑하고 품격 있는 공간을 제공합니다.· 최상급의 패브릭과 다양한 소품들의 조화로 특별한 공간을 연출, 섬세한 손실이 느껴지는 정성 어린 서비스로 편안함을 제공합니다.· 럭셔리한 분위기 속에서 재미와 휴식을 동시에 즐길 수 있는 엔터테인먼트 공간으로 젊은 세대의 취향에 맞추어 다트 게임방, 폴댄스 방, 포켓볼 방이 구비되어 있습니다.",
261,3008301,0,서울앤호텔 동대문,0,4.5,222,"· 코로나 바이러스의 확산방지를 위해 한국에 입국한지 14일 미만일 경우 입실이 불가함을 양해 부탁드리며, 여권 또는 신분증을 필히 지참하시기 바랍니다. 감사합니다.· SEOUL N HOTEL은 개별여행(Foreign Independent Tour:FIT)을 위한 특화된 이코노미 버젯호텔입니다.· 불필요한 부대시설을 없애고 합리적인 가격으로 소비자의 경제적 소비를 유도하며 전문화된 청결한 객실 관리로 신뢰감을 드립니다.· 여행지에게의 단순 숙박이 아닌 다양한 문화 체험의 장소로서 호텔 내의 나눔을 통한 라이프를 제공하여 소비자에게 새로운 양방향의 플랫폼의 체류공간을 제안합니다.",
262,3008298,0,루체브릿지 호텔,0,4.4,1848,"· 명품의 가치가 느껴지는 비즈니스 감성 공간 트렌디한 감각으로 빚어낸 예술적인 인테리어, 클래스가 다른 휴식을 선사합니다.· 집에 머무는 듯한 안락함 합리적이고 실용적인 기능과 가격, 따뜻한 표정과 위트가 담긴 서비스를 제공합니다.· 김포공항 10분, 인천공항 30분대의 뛰어난 접근성과 30m 이내 5호선 발산역이 위치하고 있어 교통의 요충지로 찾아오시는 분들께 최적의 입지를 자랑합니다.",
263,3008267,0,알로프트 서울 명동,4,4.7,368,"· 알로프트 호텔 명동은 뮤직, 디자인, 테크놀로지 분야에 특히 집중하며 감각적이고 멋진 트렌드를 접하고 싶어하는 얼리어답터들에게 다양한 경험을 선사합니다.· 진화하는 차세대 글로벌 여행객들을 위해 브랜드에 녹아있는 진보된 기술과 활기찬 경험, 세련된 스타일 등 차별화된 요소들을 제공합니다.· 명동역, 을지로입구역에서 도보로 약 5분 거리에 위치해 있어 최상의 위치와 접근성을 자랑합니다.",
264,3008250,0,잠실 딜라이트호텔,2,4.6,732,"· 잠실 딜라이트 호텔 2017년 2월 GRAND OPEN! 잠실의 부티크 호텔을 즐겨보세요.· 롯데 월드몰, 롯데백화점, 석촌호수 등 다양한 즐길거리와 가까운 접근성을 자랑합니다.· 2호선 잠실역 10번 출구 도보 10분 거리에 위치해있습니다.· ★객실당 웰컴드링크 2잔 무료제공★· DELIGHT BEER GARDEN장소: DELIGH HOTEL 1층 CAFE BOLZAN운영시간: 17:00 ~ 23:00 (LAST ORDER: 22:00)# 웰컴쿠폰을 가져오시면 생맥주1잔 무료 제공 + 2,000원에 1잔 추가 특전· ★잠실 딜라이트호텔 3주년 봄 이벤트★· > 기간 : 2020년 3월 ~ 5월 31일 (현장 사정상 일정 변경 가능성있음)· > 특전1 : 폴라로이드 사진기 대여(필름 3장까지 무료 사용 가능)· > 특전2 : 금액 인하",
265,3007512,0,영등포 VIP호텔,0,3.9,129,"· 2016년 12월 리모델링! 모던하고 쾌적한 객실을 제공합니다.· 쇼핑, 레스토랑, 관광지역에 위치해 바쁜 일상을 뒤로하고 편안하게 쉴 수 있기 좋은 곳입니다.· 영등포 로터리와 신길역 근처에 위치하여 뛰어난 접근성을 가지고 있습니다.",
266,3007173,0,라마다 앙코르 마곡,0,4.5,1690,"· 라마다 앙코르 서울 마곡 호텔은 동북아의 새 관문 도시가 될 마곡지구의 유일한 글로벌 체인 비즈니스호텔입니다.· 지하철 9호선과 2017년 개통예정인 공항철도를 이용하여, '공항-호텔-도심'을 이어주는 최적의 여건을 갖추고 있습니다.· 가까운 거리에 쇼핑몰이 있으며, 호텔 주변의 다양한 먹거리와 볼거리 그리고 문화를 즐기실 수 있습니다.",
267,3002406,0,태릉 호텔 드씨엘,2,4.3,65,"· 럭셔리 & 빈티지 스타일이 조화된 중랑구 랜드마크 호텔 드씨엘입니다.· 각 객실마다 특색 있는 디자인과 인테리어, 하늘이 보이는 옥상정원, 야외 테리스 등 다양한 부대시설로 고객님을 맞이합니다.· 먹골역 4번 출구에서 도보 3분 거리로 찾아오기 쉽습니다.",
268,3002330,0,브릭스 호텔,2,5.0,127,"· 브릭스의 뜻인 필요할 때 기댈 수 있는 든든한 친구처럼 차별화 된 공간에서 특별한 즐거움, 편리함 그리고 경험을 제공합니다.· 지속적인 서비스 창조, 변함없는 고객 만족으로 새로이 선보이는 현대적인 감각의 호텔입니다.· 아늑한 공간과 모던한 가구의 매치로 감각적이고 편안한 휴식을 경험하실 수 있습니다.",
269,3002229,0,메트로 호텔,0,4.8,21,"· 아늑한 객실과 스타일리쉬한 디자인을 갖추어 새로이 재단장한 메트로 호텔은 서울 여행에 필요한 모든 것을 갖추고 있습니다.· 서울에서도 명동 중심에 위치하여 접근성을 극대화하였으며, 서울의 유명 관광지들이 수분 거리에 위치하고 있습니다.· 메트로 호텔은 교통부 등록 1호인 대한민국 최초의 관광호텔로써 1960년 개관이래 고객만족을 위하여 항상 노력해오고 있습니다.",
270,3002219,0,트레블로지 동대문 호텔,3,4.5,411,"· 2020트립어드바이저 인기 서비스 호텔 부문에서 대한민국 10위에 선정되었습니다.· 항상 진심으로 고객님께 다가가고 만족하실 수 있는 서비스로 찾아 뵙겠습니다.· 트레블로지 동대문 호텔은 더욱 편안하고 현대적인 객실을 제공합니다.· 레스토랑, 바, 피트니스센터, 무료 Wi-Fi 및 회의실이 완비되어 있어 서울을 방문한 비즈니스 및 레저 여행객 모두에게 이상적인 호텔입니다.· 을지로4가역에 위치해 있어 동대문 디자인 플라자, 광장 시장 및 명동을 쉽게 이동하실 수 있습니다.",
271,3001934,0,로얄 호텔 서울,4,4.6,110,· 서울의 중심인 명동에 위치해 '도심 속의 오아시스'라는 별칭을 갖고 있는 최고의 안식처 특급호텔입니다.· 푹신한 오리털 침구가 있는 아늑한 객실과 품격있는 레스토랑에서의 식사를 즐기실 수 있어요!· 을지로입구역과 명동역 사이에 위치하고 있어 서울 시내의 편리한 교통편을 자랑합니다 :),
272,3001843,0,핸드픽트 호텔,3,4.7,559,"· 핸드픽트 호텔은 화려하지는 않지만 또 가고 싶은 공간, 심플하지만 따뜻하고 편안한 공간을 제공합니다.· 객실 크기에 관계없이 모든 객실에 헤븐리 베드 매트리스를 적용하고 동구밭 친환경 어메너티 바를 비치하여 동일한 서비스를 제공합니다.· 단지 먹고 자는 일에 한정되지 않도록 다양한 콘텐츠를 만들어 가고 있으며, LIFE & CULTURE를 모두 즐길 수 있는 공간입니다.",
273,3001826,0,호텔 스카이파크 명동 3호점,0,4.6,465,"· 계절마다 느낌을 달리하는 그림같은 경관의 남산과 함께 서울의 상징인 N서울타워를 감상할 수 있는 최상의 입지에 위치한 호텔입니다.· 호텔 바로 앞에 명동 지하철역과 공항 리무진버스 정류장 등 각종 교통시설이 가까이 위치해 있습니다.· 명동의 쇼핑, 관광, 비즈니스를 보다 편리하게 즐길 수 있도록 준비된 호텔입니다.",
274,3001824,0,호텔 스카이파크 명동 1호점,0,4.6,482,· 호텔 스카이파크 명동 1호점은 다운타운 중심부에 위치해있습니다.· 호텔을 나서면 바로 앞 명동에서 고객이 원하는 모든 것을 바로 느끼고 경험할 수 있습니다.· 활기찬 명동의 기운 속에 편리한 쇼핑과 휴식을 함께 할 수 있는 스타일리시한 호텔입니다.,
275,3001771,0,호텔 컬리넌 대치,0,4.3,456,· 도시 감각의 개성적인 디자인 호텔 컬리넌 대치점에서 특별한 하루를 즐겨보세요.· 전 객실 개인의 취향을 고려하여 다양한 디자인으로 새롭게 접근했습니다.· 최고의 서비스와 최고의 시설로 편안함 속에 만족스러운 휴식공간을 제공합니다!,
276,3001755,0,호텔 베뉴지,0,0,1206,"· 특별한 장소를 뜻하는 'Venue'와 그랜드백화점 이니셜 'G' 결합한 인정받을 수 있는 시설과 서비스를 제공합니다.· 합리적인 가격으로 차별화된 서비스를 선보이며 최적의 위치로 내외국인, 비즈니스맨에게 최상의 휴식공간을 제공합니다.· 호텔 바로 앞 청계천 변을 걸으며 산책할 수 있으며 지하철 종로3가, 을지로 3가와 인접해 있어 서울 어디든 쉽게 이동이 가능합니다.",
277,3001747,0,스테이 호텔 강남,3,4.5,823,"· 강남 도심에서 즐기는 특별한 스테이, 다양한 즐거움이 가득한 도심 속의 스테이 호텔 강남입니다.· 쇼핑, 음식, 문화에 이르는 다양한 즐거움을 마음껏 누리다 포근한 호텔 침대에 바로 파묻힐 수 있는 최고의 입지에 위치해있습니다.· 색다른 공간에서 사랑하는 사람과 특별하고 달콤하게 함께하세요!",
278,3001714,0,호텔 더 디자이너스 건대,2,4.8,693,"· 국내 유명 디자이너들이 객실을 디자인하여 높은 퀄리티를 자랑합니다.· 고풍스러운 빈티지한 공간, 현대적 감각의 모던한 공간, 아늑하고 신비로운 공간 등 아름다운 추억을 간직할 수 있는 공간을 제공합니다.· 군자역 1번 출구에서 도보 4분 거리로 찾아오기 쉽습니다!",
279,3001705,0,가락관광호텔,0,4.5,142,"· 내 집보다 더 편안한 분위기와 세련된 서비스로 항상 만족감을 느낄 수 있도록 최선을 다합니다.· 잠실 롯데월드, 삼성 서울센터, 무역 센터, 도심 공항 터미널과 약 15분 거리에 위치해있어 비즈니스 하기에 적합한 호텔입니다.· 가락동 농수산물 시장과 인접해 있고 주변에 볼거리, 먹을거리가 풍부한 송파지역 최고의 요충지에 자리하고 있습니다.",
280,3001688,0,호텔 소울하다,0,4.6,369,"· 서울의 HOT PLACE인 강남에서 심플, 모던, 고급스러움을 컨셉으로 고객님께 다가갑니다.· 숙박을 넘어 새로운 경험을 제공하는 호텔로 '소울하다'라는 우리말 이름을 사용하여 차별성을 보여줍니다.· 세련되면서 개성과 젊음의 가득한 호텔에서 답답함을 풀어헤치고 진정성을 담은 휴식을 느껴보세요.",
281,3001669,0,웨스턴 코업 호텔&레지던스,0,4.2,320,"· 한국의류 대표 상권 동대문 쇼핑타운과 서울 도심의 허파 역할을 하는 청계천 가까이 위치해 있는 주거 비즈니스 공간 웨스턴 코업 레지던스입니다.· 모던하고 깔끔한 객실, 넓고 여유로운 주차장과 다양한 부대시설로 주거와 비즈니스를 동시에 만족시켜 드립니다.· 동대문역사문화공원역 12번 출구에서 도보 6분 거리로 어디서든 쉽게 찾아올 수 있습니다.",
282,3001668,0,을지로 코업 레지던스,0,4.6,1135,· 잠들지 않는 동대문 쇼핑몰 밀집지역에 24시간 보안관리가 철저한 편안한 공간을 제공합니다.· 심플하고 모던한 인테리어와 다양한 부대시설로 최상의 공간을 제공합니다.· 동대문역사문화공원역 12번 출구에서 도보 3분 거리로 어디서든 쉽게 찾아올 수 있습니다.,
283,3001665,0,서머셋 팰리스,0,4.7,855,"· 서울 강북의 중심 광화문에 위치한 서머셋 팰리스 서울은 최고의 서비스를 제공하는 레지던스입니다.· 각국의 대사관, 다국적 기업 및 언론사들과 인접해 있으며, 경복궁, 인사동 등과도 도보로 쉽게 접근할 수 있는 최적의 위치입니다.· 넓은 거실, 안락한 침실, 다양한 부대시설이 갖춰져 있어 품격 높은 시설과 서비스를 제공합니다.",
284,3001604,0,잠실2.4호텔,2,4.5,1955,"· 전 객실 공기청정기 구비!· 객실마다 각기 다르게 장식한 침실을 꿈꾼다면 모던한 인테리어가 돋보이는 호텔 2.4에서 특별한 하루를 보내세요!· 올림픽공원 앞에 위치하고 있어 피크닉 후 호텔 2.4에서 편안한 휴식을 즐길 수 있어요.· 몽촌토성역 2번 출구 도보 3분, 한성백제역 1번 출구 도보 5분 거리! 방이동 숙박촌에 위치하고 있어 쉽게 찾아오실 수 있습니다.",
285,3001580,0,신촌 LASSA,0,3.8,286,"· [주차장 정보]· 차량은 1객실당 1대만 주차 가능하며, 1대 추가시 추가요금이 발생됩니다. (1시간당 5천원)· 주차 타워에 입고가 불가능한 차량(승합차,탑차,튜닝차)에 대해 발생되는 문제에 대한 예약 취소및 환불은 불가능합니다. 주차 타워에 입고가 불가능한 차량은 호텔로 문의 바랍니다.· 총 23대 주차시설 보유· [지하철 정보]· 2호선 신촌역· 2호선 이대역· 경의선 신촌(경의선)역· 경의선 서강역· [객실내부 시설]· ※넷플릭스 서비스 오픈※· 전 객실 넷플릭스 무료 시청 가능· 라텍스 침대, 방음시설, 스파욕조, 청결한 침구류 와 비품, 50인치 TV· 지상 14층의 2M폭의 안전 창문을 시공하여 낮에도 밤에도 · 아름다운 신촌의 경치를 만끽 하실수있습니다^^· 저희 호텔 라싸는 자체 세탁 공장을 운영하며 규칙적인 시트교체 시스템으로· 청결한 시트커버를 사용합니다.· PC사용은 프론트에서 대여가 가능하며, 최상의 사양 노트북을 제공드리기 위해· 신분증 또는 보증금1만원을 맡겨 주셔야 대여가 가능하십니다. 이용에 참고 부탁드리겠습니다.",
286,3001557,0,L7 명동 바이 롯데,4,4.8,1035,"· L7 명동은 트렌디한 감각과 안락한 분위기가 어우러진 라이프스타일 호텔입니다.· 고객의 라이프스타일과 지역 문화가 어우러져 새로운 문화를 만들어 내는 도심 속 휴식 공간으로 롯데면세점, 롯데백화점 등의 쇼핑몰과 경복궁, 남산 등의 관광지가 가까운 거리에 위치하고 있습니다.· 남산타워가 보이는 마운틴뷰, 명동 시티뷰에 둘러싸여 특별한 여행을 만들어보세요 :)",
287,3001533,0,호텔 인피니,1,4.4,994,"· 2015년 Grand Open! 모던하면서 세련된 감성의 럭셔리 부티크 객실을 가진 최신식 시설의 호텔 인피니를 소개합니다!· 석촌호수가 도보로 9분거리, 지하철 석촌역이 자동차로 3분거리로 찾기 쉬운 장소에 위치하고 있습니다.· 데이트 장소로 적격인 롯데월드, 백제고분, 석촌호수 등 주변에 관광지가 모여 있어 즐거운 데이트를 즐기실 수 있어요:)",
288,3001511,0,호텔 포레힐,3,4.6,1064,"· 도심 속의 힐링 이라는 컨셉으로 전 객실 리클라이너 배드(싱글침대 한정), 공기청정기, 전자레인지가 구비되어 있어 보다 편안한 투숙이 가능합니다.· 강남 메디컬 중심부인 논현역 8번 출구 도보 5분 거리에 위치하여 다방면으로 편리하게 이동이 가능합니다.· ★코로나19 방역수칙 준수★· 데일리 내부 살균소독, 각 층 손소독제 비치, 전 직원 마스크착용 및 발열체크 실시",
289,3001505,0,호텔 더 디자이너스 청량리,1,4.5,370,"· 평창동계올림픽 경기가 개최된 평창, 강릉, 양평까지 청량리역에서 KTX로 편리하게 이동할 수 있습니다. 또한 ITX-청춘 고속열차를 이용하여 송어축제가 개최되는 가평, 춘천 남이섬, 양평 양떼목장 체험까지 가족 및 커플여행을 떠나기에 좋은 입지와 접근성을 자랑합니다.· 24시간 프런트 데스크를 운영하며, 구내 레스토랑과 세련되고 청결한 80개의 객실을 비롯해 숙소 전 구역에서 무료 Wi-Fi를 제공합니다. 무료주차 및 발레파킹 서비스를 이용하실 수 있으며 건물 전체가 금연 시설입니다.· 각 객실에 평면 LED 케이블 TV, 냉장고, 무료 생수와 전기 주전자가 구비되어 있으며, 욕실에는 욕조, 샤워 시설 및 전자식 비데가 완비된 화장실이 갖추어져 있습니다.",
290,3001502,0,호텔 티롤,2,4.4,325,"· 호텔티롤은 품격있고 럭셔리한 인테리어와 더블룸의 편안하고 안락한 객실로 고객님을 만족시켜 드립니다!· 신사역 4번출구 도보로 7분거리로 찾기 쉬운 거리에 있습니다!· 주변에 가로수길, 먹자골목이 가까이에 있어 쇼핑도 하고 맛집도 찾아볼 수 있는 핫플레이스입니다!",
291,3001414,0,아리랑힐 호텔 동대문,3,4.8,1822,"· 품격을 갖춘 감각적인 디자인의 객실 인테리어, 특급 호텔이 제공하는 최상의 고객 맞춤 서비스를 경험해보세요.· 성신여대입구역 6번 출구 바로 앞 위치! 최고의 근접성을 자랑합니다.· 주변 관광지로 동대문 디자인 플라자(DDP), 명동 쇼핑거리와 가까우며 간송 미술관, 서울 성곽길 등 성북구의 명소들과도 인접해 있습니다.",
292,3001389,0,동대문 바티카 호텔,1,3.9,167,"· 동묘앞역 5분, 동대문역에서 10분 거리의 최상의 위치로 종로, 동대문 쇼핑 문화센터 등 서울의 주요 관광지와 인접해 있답니다.· 25대 주차가 가능한 주차장을 갖고 있어 차가 있으셔도 전혀 문제 없답니다.· 전 객실에 VOD 채널을 보유해 편안한 휴식에 즐거움까지 더했어요.",
293,3001384,0,오리엔스 호텔&레지던스,0,4.4,148,"· 충무로역 4번 출구에서 도보 5분거리의 훌륭한 위치, 고급스러운 품격 있는 객실에 취사까지 가능해 파티룸으로도 최적인 숙소입니다!· 명동 쇼핑거리까지 걸어갈 수 있고 남산과 한옥마을도 가까워 서울 나들이 여행을 계획하신다면 추천 추천 :D· 가격 대비 훌륭한 객실 컨디션으로 입소문이 나있는 숙소에요.",
294,3001373,0,인더시티 비즈니스 호텔,0,4.2,290,"· 비즈니스의 중심 2호선 역삼역에서 도보 10분 거리로 최상의 위치를 자랑합니다.· 비즈니스 맨들을 위한 합리적인 가격의 실속 있는 객실이 준비되어 있습니다.· 출장 및 업무로 깔끔하고 편안한 객실을 찾으실 때, 위치가 중요하실 때 인더시티 호텔을 추천 드립니다.",
295,3001372,0,호텔 더 디자이너스 동대문,0,4.3,299,"· 더 디자이너스의 또 하나의 작품! 호텔 더 디자이너스 동대문점입니다.· 유명 디자이너들의 감각적인 인테리어와 고급 부티크 호텔에서만 느낄 수 있는 차별화 된 서비스를 경험하세요.· 동대문역사문화공원역에서 걸어서 10분 거리! 서울의 중심, 동대문에 위치해 있어 동대문 쇼핑 타운으로 쇼핑 혹은 관광 용도로도 최상의 위치입니다.",
296,3001365,0,호텔 8 Hours,0,4.6,168,"· 2015년 7월 20일에 오픈한 완전 초신상 호텔로 반짝 반짝 새 것 같은 시설을 자랑합니다.· 심플하면서도 고급스러운 객실, 다양한 인원을 수용 가능한 합리적인 기능만을 담은 알짜배기 숙소입니다.· 시청역과 회현역 중간에 위치, 차가 없어도 찾아가시기 좋으며 서울의 주요 관광지, 쇼핑 타운과 인접해있는 최상의 입지를 갖추고 있습니다.· 차, 컵라면, 비스켓을 무료로 제공해드립니다. :D",
297,3001339,0,세종 호텔,4,4.5,255,"· 서울의 중심 명동에 위치, 쇼핑과 관광, 비즈니스 모두 적합하며 사계절 아름다운 남산과 화려한 명동의 전경을 한눈에 감상할 수 있는 특2급 호텔입니다.· 맛있기로 소문난 세종 호텔의 자랑 뷔페에서 특급 셰프들이 즉석에서 조리하는 신선한 요리와 그릴을 맛보실 수 있습니다.· 아름답고 고급스러운 객실 인테리어와 고객 맞춤의 세심한 서비스는 투숙객의 품위를 한층 높여드립니다.",
298,3001333,0,명동 크레토 호텔,2,4.4,69,"· 2015년 7월 GRAND OPEN한 최신 트렌드를 주도하는 노출 콘크리트 컨셉의 디자인 호텔입니다!· 감각적인 블랙 & 화이트 컨셉의 객실에는 전 객실 최고급 시몬스 뷰티 레스트 침대와 하나 하나 주문 제작한 빈티지 가구가 준비되어 있습니다. 품격 있는 하루가 필요하시다면 지금 크레토에 묵어보세요.· 명동역에서 한발짝이면 도착하는 거리! 쇼핑의 거리 명동, 데이트 장소로 적격인 청계천 등 서울의 관광 명소에 접근하기 편리한 최고의 입지에 위치해 있습니다.",
299,3001307,0,프린세스 호텔,0,4.4,445,· 압구정에서 깔끔하고 아늑한 비즈니스 호텔을 찾으신다면 추천드리는 프린세스 호텔입니다.· 볼거리와 즐길거리가 가득한 압구정 로데오거리 번화가 가까이에 있답니다!· 지하철 압구정로데오역에서 도보로 7분거리에 위치해 있어서 교통이 편리해요:),
300,3001304,0,호텔 가온 서울 동대문,0,0,9,"· 군더더기 없는 실속있는 숙소를 찾으신다면 바로 여기! 호텔 가온 서울 동대문으로 오세요.· 동대문역에서 엎어지면 코닿을 거리! 서울 어디로 가든 교통이 편리하고 주변에 정말 다양한 쇼핑장소가 있어 관광, 쇼핑에 최적입니다!· 귀엽고 사랑스러운 외관, 깔끔하고 청결한 객실이 마음에 쏙 드실거에요.",
301,3001298,0,호텔큐비 동대문 갤러리,0,4.1,165,"· 호텔 큐비는 동대문역과 가깝고 주변에 정말 다양한 쇼핑장소가 있어 관광, 쇼핑에 최적입니다!· 갤러리형 호텔로서 세련된 인테리어, 청결한 베딩과 친절한 서비스로 방문객에게 최고의 만족을 제공합니다.· 호텔 자체에서 관광에 특화된 다양한 투어상품을 제공합니다.(호텔 홈페이지를 한번 살펴보세요)· [한국관광품질인증] '도심속 예술산책 갤러리와 호텔의 경계를 해체하다' ",
302,3001295,0,호텔 루미아 명동,0,0,26,"· 신축한 5층 건물로 1층의 로비와 카페테리아, 60여개의 다양한 객실로 구성된 루미아 호텔입니다.· 서울의 중심 남대문 인근에 위치하여 비즈니스, 쇼핑, 문화, 관광의 밀집 지역입니다!· 지하철 회현역에서 도보로 3분거리에 위치해 있어서 교통 접근성이 뛰어나요:D",
303,3001293,0,호텔 국도,3,4.8,465,"· 을지로 4가역에서 도보 3분 내에 위치해 교통이 편리합니다.· 2인실, 3인실 등 다양한 룸타입이 준비되어 있어서 비즈니스 고객 뿐만 아니라 여행객들에게도 안성맞춤입니다!",
304,3001290,0,메이플레이스,0,4.4,746,"· 최초의 국내순수자본 호텔인 메이필드 호텔의 세컨드 브랜드인 메이플레이스는 매력적인 위치, 신뢰할 수 있는 서비스로 고객에게 도심 속 편안함을 선사해드립니다.· 전 객실 온돌 시공, 태양광 모듈을 활용한 친환경적 설계는 보이지 않는 부분까지 섬세하게 배려해서 마련되어 있어요!· 전통과 문화 예술이 어우러진 볼거리 가득한 대학로, 창경궁, 창덕궁, 종묘 등의 관광지와 가까운 곳에 위치해 있어요:)",
305,3001283,0,동서울 관광호텔,0,3.9,380,· 비즈니스와 여행을 즐기시는 고객님께 모두 안성맞춤인 동서울 관광호텔은 다양한 테마별로 꾸며진 객실을 갖추고 있습니다.· 동서울 터미널이 호텔 바로 옆에 위치하여 접근성이 뛰어난 장점이 있어요!· 지하철 강변역에서 도보로 5분거리에 위치해 있어서 교통이 편리해요:),
306,3001267,0,호텔 디오레 홍대,2,4.3,100,"· 최고의 핫플레이스! 홍대와 연남동을 한번에 즐길 수 있는 최고의 위치입니다. · 화이트톤의 인테리어로 깔끔한 분위기를 사랑하는 고객님들께 강력히 추천합니다.· 저렴하지만 알찬 구성의 조식 부페(1인 7,000원)가 제공됩니다.",
307,3001262,0,명동 더스테이 호텔,0,4.0,73,"· 두 말이 필요없는 명동 한복판!! 명동 정복을 위한 관광객, 비지니스맨 누구에게라도 엄지척! 강력히 추천합니다. · 지하철 4호선 9번 출구에서 도보로 단 1분! 우사인 *트라면 단 10초! 초 역세권의 더스테이호텔입니다. · 처음부터 끝까지 깔끔깔끔깔끔! 군더더기 없는 시설과 객실 상태에 반하실걸요?",
308,3001259,0,포포인츠 바이 쉐라톤 조선 서울역,4,4.7,914,"· ★조선호텔앤리조트에서 운영하는 포포인츠 바이 쉐라톤 조선, 서울역★· 최고의 접근성! 서울 교통의 중심 서울역과 단 도보 3분 거리에 위치한 호텔입니다.· 서울역-인천공항간 열차로 40여분만에 공항으로의 이동이 가능하며, 전국으로 출발하는 KTX 역시 빠르게 이용할 수 있어서 비지니스 여행을 하는 모든 고객님께 강력히 추천합니다.· 명동과 동대문시장 역시 지하철을 이용하면 20분 이내에 도착할 수 있어서 쇼핑으로 서울을 찾아오신 관광객에게도 최적의 입지입니다.",
309,3001240,0,이비스 버젯 앰배서더 서울 동대문,0,0,14,· 2014년 10월 오픈한 합리적인 가격의 비즈니스 호텔 입니다.· DDP와 동대문 쇼핑몰이 도보 5분 거리에 위치해있어 밤 늦도록 쇼핑과 문화생활을 즐길 수 있어요 :)· 비즈니스 고객들과 휴가를 즐기는 여행객들에게 딱 맞는 스마트한 호텔이에요!,
310,3001239,0,호텔 스테이 인,0,4.6,109,· 서울역에서 도보 5분 거리에 위치한 비즈니스 호텔 입니다.· 2015년 4월 그랜드 오픈! 깔끔한 컨디션의 호텔 객실을 자랑해요 :)· 프리미엄 침구를 사용하여 연인 뿐만 아니라 비즈니스 고객들에게도 편안한 휴식을 제공합니다!,
311,3001234,0,베니키아 서울 관광호텔,2,4.3,726,· 모닝 뷔페를 통해 최상의 서비스를 제공하는 베니키아 서울 호텔입니다.· 김포공항과 선유도에 매우 가까워서 이동이 간편하다는 장점이 있어요!· 지하철 증미역 4번출구에서 도보로 1분거리에 위치해 있어서 찾기도 쉽고 교통이 편리해요 :D,
312,3001228,0,H Avenue 역삼점,1,4.7,79,· 감각적이고 세련된 인테리어와 모던한 타입의 객실이 감성을 자극하는 에이치에비뉴 호텔 역삼점을 추천해 드립니다.· 지하철 2호선 역삼역 8번 출구에서 도보 4분 거리에 위치하여 교통이 편리합니다.,
313,3001221,0,롯데호텔 월드,5,4.7,266,"· 리조트형 비즈니스 호텔인 롯데호텔 월드는 아름다운 석촌호수와 세계 최대 규모의 롯데월드 어드벤처가 바로 연결되어 있는 특별한 공간입니다.· 국제회의장, 연회장 등 다양한 즐거움과 휴식, 낭만, 비즈니스와 관광 모든 것을 한 곳에서 즐길 수 있습니다.· 서울 강남의 중심인 잠실에 위치하여 뛰어난 접근성과 편리함을 제공합니다.",
314,3001211,0,서울 렉스 호텔,0,3.8,60,"· 서울 남대문 중심지에 위치한 렉스 호텔은 한국의 전통미와 현대적 감각이 가미된 객실을 자랑합니다.· 시청, 명동, 남산공원 등과 가까워서 비즈니스와 관광, 쇼핑에 편리한 최적의 입지 조건을 갖추고 있어요!· 지하철 회현역에서 도보로 2분 거리에 위치해 있어서 교통이 편리해요 :D",
315,3001187,0,더 클래식 500 펜타즈 호텔,4,4.8,175,"· 도심 속 미래형 복합문화주거공간 더 클래식 500은 프리미엄 레지던스 컨셉의 호텔로 최상의 가치와 맞춤 서비스를 제공합니다.· 고품격 사무공간과 럭셔리한 실내디자인, 유비쿼터스 홈 시스템을 갖춰서 비즈니스와 휴식 모두를 만족시켜드립니다!· 지하철 건대입구역과 매우 가까이 위치해 있어서 교통이 편리한 장점을 갖고 있어요!",
316,3001177,0,K-게스트하우스 동대문 프리미엄2,0,0,13,"· 동대문 역사 문화 공원 8번출구에서 도보 5분 거리에 위치해 있어서 가깝고 편리합니다 :D· 세탁실, 주방, 팩스/복사 등 공용 공간을 자유롭게 이용가능하세요~· 깨끗하고 아늑한 화이트톤 객실에서 오늘의 피로를 풀어보세요~",
317,3001168,0,노블 호텔,1,0,13,"· 수도 서울의 중심축을 형성하는 종로에 위치해, 한국의 과거, 현재, 미래를 체험할 수 있는 다양한 관광자원이 적절히 융합된 한국 관광의 중심지를 연결합니다.· 지하철 3호선 안국역과 1호선 종로3가역에서 도보로 이동 가능합니다.",
318,3001167,0,Staz 스타즈 호텔 명동 2호점,3,0,34,"· 2015년 1월 오픈한 깔끔한 호텔! 글로벌 호텔 체인 브랜드의 Staz 호텔 명동 2호점입니다. · 무료 셔틀버스를 이용하여 쇼핑과 관광을 즐길 수 있습니다.· 한국의 쇼핑과 예술을 대표하는 명동에서 불과 몇걸음에 위치한 호텔에서 쉼없이 뛰는 도시의 맥박을 느껴보세요!· 지하철 명동역, 충무로역과 공항버스 정류장이 도보 5분거리에 위치해있어요!!· 24시간 운영되는 프론트 데스크에서 짐보관서비스를 제공하는 편리한 서비스를 이용해보세요:)",
319,3001158,0,호텔 데님,2,4.3,977,"· 호텔 데님 서울은 모던&내추럴 데님 스타일 컨셉으로 원스톱 서비스를 제공합니다.· 레스토랑, 비즈니스코너, 회의실, 하늘정원, 주차장, 24시간 리셉션 등 편의시설을 모두 갖추고 있습니다! · 강남에 위치해 있어서 쇼핑 비즈니스의 거리인 강남과 주변 관광 지역로 20분 이내 이동이 가능합니다!· 양재시민의숲역, 양재역, 매봉역과 모두 가까이 있어서 교통의 요지에 위치해 있다는 장점 :D",
320,3001154,0,역삼 스타호텔,0,4.7,892,"· 강남 도심의 테헤란로 역삼역 3번 출구 단 10초 거리! 최적의 입지를 자랑합니다!· 편안한 객실은 지중해 스타일의 부티크, 갤러리 객실로써 항상 최고의 서비스를 제공하고 있습니다. · 호텔 입구에 인천 및 김포 국제 공항으로 가는 리무진 공항 버스 정류장이 있어 교통이 편리합니다!",
321,3001140,0,화곡 초콜릿,0,4.8,61,"· 지하철 2호선 까치산역에서 도보로 이동 가능하며, 김포공항으로 이동하시는 분들께 추천해드려요~ · 고급스러운 대리석과 더불어 모던하고 심플한 인테리어가 돋보이는 부티크 호텔입니다· 대형 PDP TV와 닌텐도 wii게임, 커플,PC, 객실 내부를 컨트롤 할 수 있는 터치스크린 등 편의를 위한 최고의 시스템을 갖추고 있어요!",
322,3001117,0,여의도 벤허 호텔,0,4.2,480,"· 심플하지만 모던하고 고급스러운 분위기의 비즈니스 호텔로 비즈니스와 정치, 경제, 문화의 중심지인 여의도에 위치해있습니다.· 효율적인 시간활용에 탁월하며 완벽한 방음처리로 편안한 휴식을 즐기실 수 있습니다.",
323,3001110,0,임피리얼 팰리스 부티크 호텔,0,4.6,954,"· 감각적인 디자인의 부티크 호텔로 독특함을 선사하는 동시에 트렌디하고 다양한 편의시설을 통해 편안한 휴식을 제공합니다.· 서울의 밤 문화, 쇼핑, 맛집의 중심 이태원에서 다양한 여가를 즐겨보세요!",
324,3001106,0,호텔 나포레 종로,0,4.7,692,"· 서울 한복판 교통의 중심지 종로에 위치해 있고, 청계천이 바로 앞에 있으며 광화문, 창경궁과 명동, 인사동이 호텔에서 가깝게 위치 해 있습니다!· 문화, 쇼핑의 중심지 종로에 위치한 비즈니스 호텔로 최고의 서비스와 안락함으로 내 집같은 편안한 휴식을 제공합니다.· 탁 트인 옥상정원, 깔끔하고 여유로운 레스토랑 등 바쁜 일상 또는 긴 여행으로 피곤한 심신에 활기를 불어 넣어 보세요!· 지하철 종로3가역(1,3,5호선)과 을지로3가역(2,3호선) 중앙에 위치해 있으며 도보로 5분 거리 내에 있습니다.",
325,3001099,0,켄싱턴호텔 여의도,4,4.5,586,"· 켄싱턴 호텔 여의도는 걸어서 5분 거리에 한강 및 여의도 공원이 위치하고 있으며, 국회의사당 역 1번 출구에서 도보 7분 거리에 위치해 접근성이 좋습니다.· 도보 15분이면 63빌딩과 한강 유람선 선착장까지 가실 수 있으며, 도보 10분 거리에 IFC 몰, 차로 20분 거리에 영등포 타임 스퀘어에서 쇼핑을 즐기실 수 있습니다.· 켄싱턴 호텔 여의도는 뉴욕뉴욕 양식당, 샹하오 중식, 브로드웨이 뷔페, 양스앤메츠 바, 델리&카페 레스토랑 및 시즌별 다양한 프로모션 상품이 준비 되어있습니다.· 호텔 투숙객은 피트니스센터,비즈니스센터, 키즈 라운지를 무료로 이용하실 수 있습니다.· 켄싱턴 호텔은 금연 건물로 지정되어 있습니다.",
326,3001094,0,케이팝 호텔 서울타워,0,3.9,254,"· 체크인 15:00시 ~ 20시까지 가능 (오후 8시 이후 프론트업무 마감으로 응대직원 없습니다.)· 서울시내 중심에 위치하여 교통이 편리하고, 깔끔한 시설과 거품을 뺀 서비스를 제공하여 합리적인 가격을 보장합니다.· 4호선 회현역 4번출구에서 도보로 3분거리에 있으며, 남대문, 남대문시장, 명동, 서울역 등 시내 주요 지역을 도보로 이동 할 수 있는 최적에 위치에 자리잡고 있습니다.· 관광이나 비지니스 출장객에게 편리하고 쾌적한 서비스를 제공합니다.",
327,3001087,0,케이팝 레지던스 명동 1호점,0,0,21,"· 쇼핑의 중심인 명동에서 합리적인 가격과 시설로 서울을 방문하는 외국인 자유 여행객과 기타 목적으로 찾아주시는 국내 고객들께 최선의 서비스를 제공하고자 항상 노력하고 있습니다.· 시설이나 서비스에서 필수적인 요소들만을 제공함으로써 합리적인 가격으로 모실 수 있습니다.· 각 객실마다 간단한 무료 조식이 포함되어 있으며, 관광이나 비지니스 출장객에게 편리하고 쾌적한 서비스를 제공합니다.",
328,3001085,0,케이스타 메트로 호텔,0,0,16,"· 2, 4, 5호선 동대문역사문화공원역 13번 출구 앞에 위치하고 있어, 비즈니스 또는 여행을 위한 저렴한 가격과 깔끔한 시설을 제공하고 있습니다. · 주변에는 남산공원을 도보로 이동 할 수 있고, 남대문, 시청, 명동, 광화문과도 가까워 경제적인 비용의 서울여행에 적합한 숙소입니다.· 침대 밑에 별도의 수납공간이 있어 합리적인 인테리어가 돋보입니다!· 관광이나 비지니스 출장객에게 편리하고 쾌적한 서비스를 제공합니다.",
329,3001080,0,유원호텔,1,4.4,330,"· 문화와 예술이 살아있는 서초동 예술의전당 인근에 자리잡고 있으며, 인천공항 리무진 6016번을 바로 근처에서 이용 가능합니다.· 갤러리와 럭셔리가 만난 최고의 휴식 공간으로 객실 및 복도에 미술품이 전시되어 있습니다.· 기준 인원 미달시 가격을 더 할인해드리고 있으니 호텔로 문의주세요!",
330,3001077,0,여의도 코보스 호텔,0,4.3,451,"· 여의도에 위치한 비즈니스 호텔로 주변의 63빌딩, 여의도 공원, 한강유람선, 국회의사당, 선유도공원 등으로 쉽게 이동이 가능합니다.· 심플한 인테리어와 완벽한 방음처리로 비즈니스 고객 뿐 아니라 여가를 즐기려는 고객 모두에게 특별한 만족을 드립니다.· ★디럭스 더블 객실 이상 예약시 20,000원 상당의 커피숍 이용권 증정 (4월~5월 투숙 한정)· ★디럭스 더블 객실 이상 예약시 노트북 대여 무료 (선착순)· ★투숙객 대상 커피 50% 할인 제공(4월 1일 ~)",
331,3001064,0,호텔 소설,0,4.6,716,"· 소설은 강남과 강남고속터미널 근처에 위치한 부티크 호텔로 모든 객실에는 바람과 햇볕이 가득한 발코니가 있으며, 다양한 1:1맞춤 서비스로 고객에게 편안함과 즐거움을 드리는 트랜디한 호텔입니다.· 소설만의 특징을 가미한 직접 제작한 가구와 이태리, 프랑스, 독일 등 해외에서 수입된 가구로 구성된 부티크 호텔만의 운치가 있는 가구들로 셋팅되어 있어요.· M층 카페테리아는 조식을 제공하는 장소로 24시간 자유로이 이용이 가능합니다.",
332,3001050,0,은평 씨에스에비뉴 호텔,0,4.6,448,"· 은평구 최초의 비즈니스 호텔로, 지하철 3호선 녹번역 3번출구에서 도보로 접근이 가능하며 경복궁, 인사동, 종로 등 주변의 관광지로 쉽게 이동이 가능합니다.· 최고급 에이스 침대와 오리털 침구와 전객실 온돌난방이 준비되어 있습니다.· 북한산 끝자락 백련산에 둘러싸여 전 객실 마운틴뷰와 함께 진정한 도심 속 휴양을 경험해보세요!",
333,3001047,0,하모니 호텔,0,4.5,1481,"· 신축호텔로 길동 사거리에서 천호역방향 첫 횡단보도에서 우회전하여 약 400m 직진하면 우측에 위치.· 클래식하면서도 모던한 인테리어와 최첨단 설비를 갖춘 룸은 부드러운 조명과 최고급 2단 침대 매트로 최고의 휴식과 힐링케어를 위한 안락한 공간으로 준비되어 있습니다.· 인근의 암사선사유적지는 물론 주변의 올림픽공원, 롯데월드, 롯데백화점과 면세점, 한강 공원, 삼성 엔지니어링 본사까지 비즈니스 여행부터 단체관광 일반 손님까지 모두가 편안히 이용가능합니다.",
334,3001046,0,종로 부티크 호텔K,0,4.5,38,"· 종로 부티크 호텔K는 객실 내 영화, 드라마 무료 시청이 가능합니다!· 인사동, 명동, 동대문, 청계천, 낙원상가, 조계사 등 주변의 관광지로 쉽게 이동이 가능합니다.· 프론트에 음료와 수입과자가 준비되어 있어 자유롭게 이용가능합니다. ",
335,3001044,0,오클라우드 호텔,0,4.4,997,"· 'Oh! Cloud'의 약자로 구름 위에 떠 있는 듯한 편안함을 느낄 수 있는, 고객 한 분 한 분을 소중하게 여기는 세심한 의지를 담았습니다.· 지하철 2호선 강남역 도보 6분, 9호선 신논현역 도보 2분 거리로 강남의 중심에 위치해 차별화된 서비스로 안락한 휴식처를 제공합니다!· 압구정 로데오거리, 강남 신세계 백화점, 가로수길, 코엑스, 삼성전자 서초사옥 등의 목적지로 쉽게 이동하실 수 있는 장점:)",
336,3001030,0,명동 퍼시픽 호텔,4,4.7,860,"· 한국의 대표적인 금융 중심지이자 전통과 현대가 어우러지는 서울의 중심부 명동에 위치해 있습니다.· 넓은 객실 공간과 내집보다 편안하고 안락한 분위기로 포근한 휴식을 위한 친환경적인 인테리어를 제공합니다!· 남대문 시장, 남산타워, 인사동, 덕수궁 등의 서울 대표관광지로 쉽게 이동이 가능합니다!",
337,3001020,0,호텔 아벤트리 종로,3,4.4,191,"· 지하철 3호선 안국역, 5호선 광화문역, 1호선 종각역에서 모두 도보로 이동가능하며, 인천 국제공항 리무진도 손쉽게 이용가능하세요.· 경복궁, 광화문광장, 인사동, 삼청동 등 호텔 주변 관광지로 손쉽게 도보 이동가능합니다.· 한국 전통의 단아한 아름다움과 서울의 활기찬 에너지, 합리적인 가격과 정성어린 서비스가 조화를 이룬 호텔로 고객님들께 가장 멋진 서울을 선물해드립니다.",
338,3001010,0,부띠크 호텔 SB 여의도,0,4.2,278,· 2014년 7월 신규오픈한 깔끔하고 아늑한 분위기의 고급스러운 부티크호텔로 넓은 객실은 물론 넓은 주차공간을 확보해 고객님들에게 편안한 휴식처를 제공해드립니다.· 로비에서 아메리카노를 무료로 제공해드립니다!· 영등포역 5번 출구에서 도보 5분거리로 찾아오기도 쉽고 여의도와 인접해 도보 5분 이내로 이동 가능합니다!· 욕실과 화장실을 분리한 섬세한 공간 인테리어로 더욱 더 청결과 위생을 배려합니다. ,
339,3001001,0,호텔 코지 명동,0,4.0,25,"· 회현역 7번 출구 도보 2분 거리로 신축개관한 깔끔한 인테리어의 호텔로 편안함과 안락함을 제공합니다.· 서울의 대표적 쇼핑지인 남대문시장과 명동에 인접하여, 쇼핑과 문화의 최적의 접근성을 가지고 있습니다.· 덕수궁, 청계천, 남산타워, 인사동 등의 주변 관광지로도 손쉽고 빠르게 이동이 가능합니다.",
340,3000975,0,제리스플래닛 호텔 강남,1,4.6,55,· 도심에서 떠나는 세계여행을 표방하는 Jerry's Planet 호텔입니다.· 강남역 12번 출구에서 도보 5분 이내에 위치하여 현재까지 강남역에서 제일 가까운 호텔이며 객실에 비치된 태플릿PC로 커피스미스에서 룸서비스를 받을 수 있습니다.· 대륙별 테마로 꾸며진 객실들은 바쁜 생활과 지친일상에 어딘가로 떠나고 싶은 고객에게 잠깐의 휴식을 제공합니다.,
341,3000963,0,시티호텔 서울,0,0,22,"· 2014년 6월에 신규오픈한 쾌적하고 편안한 호텔입니다!· 명동, 남대문, 청계천, 인사동 등 도심 관광지 방문이 용이한 위치에요!",
342,3000905,0,호텔 부티크 9,2,4.8,215,"· 지금까지 이런 부티크 호텔은 없었다! 2014년 7월, 신설동에 새롭게 오픈한 정통 부티크 호텔이에요!· 호텔 최초로 그란투리스모 레이싱시트가 설치된 Funny Suite 객실이 특징이며 발코니 자쿠지가 있는 스파 스위트 객실도 정말 좋아요!· 기본 객실이 11평으로 좁은 느낌이 전혀 없고 전객실 에이스침대의 베드를 사용하여 아늑하고 편안한 잠자리를 선사한답니다 :)",
343,3000903,0,Small House Big Door,0,4.5,18,"· 디자이너 그룹 '디자인 메소즈'에 의해 디자인된 부티크 호텔로, 갤러리와 비스트로 새로운 감각으로 꾸며진 호텔입니다. · 1층 비스트로에서 수제 버거, 라자냐 등 젊은 여행객의 입맛에 맞는 신선한 음식을 맛보세요· 서울의 중심, 명동에 위치하여 최적의 입지를 갖추고 있으며 타 호텔과 차별되는 특별하고 감각적인 공간을 갖추고 있는 스몰하우스빅도어입니다.",
344,3000894,0,호텔 팩토리 종로,0,0,39,"· 호텔 팩토리 종로점은 2013년 10월 새롭게 오픈한 호텔입니다. · 약 30객실 규모로 매우 작은 호텔이지만 화려함 대신 실속과 세련됨을 갖춘 실속형 호텔입니다!· 외국인을 대상으로 만들어진 호텔인 만큼 객실은 좁지만 매우 깔끔한 인테리어로 편안하게 머물기에 좋은 호텔입니다!· 종로 3가역 5번출구에서 도보 2분거리로 매우 가까워 호텔을 찾기가 쉬우며 인사동, 낙원상가 등 주변 관광지와 매우 인접해 있어요:)",
345,3000884,0,저스트 스테이 호텔,0,3.0,15,"· 깔끔하고 모던한 디자인과 저렴한 가격의 비지니스 호텔로 일본과 대만, 홍콩의 여행객들이 주로 숙박하는 호텔입니다.· 편안한 침구류와 전객실 금연으로 청량감 있는 객실이 특색이며, 프론트에는 24시간 직원이 있어서 동대문 야시장, 패션타운을 관광하고 편안하게 호텔로 오셔서 숙박하실수 있습니다.· 동대문역사문화공원역에 근접하여 동대문디자인플라자, 동대문 쇼핑타운 등 관광지와 매우 가깝습니다.",
346,3000869,0,오라카이 인사동 스위츠,0,4.8,181,"· 서울에서 가장 럭셔리한 레지던스로, 레지던스계의 특급호텔이랍니다.· 고궁, 인사동 재래시장, 박물관 등 여행객을 위한 최적의 위치에요.· 가족단위, 친구분들끼리 묵을 호텔을 찾으시는 분들 주목! 객실이 넓고 개별 방이 있어 편리해요 :) · 휘트니스 센터, 수영장, 사우나, 소회의실, 어린이놀이방, 고객 라운지 등 없는 게 없는 부대시설이 자랑입니다.",
347,3000840,0,스테이 서울 왕십리,0,4.6,9,"· 2호선, 5호선, 중앙선 등이 지나는 왕십리 역에서 도보로 가까이 위치해 있어요. 접근성 굿굿!· 2012년 2월에 오픈! 쾌적하고 새것 같은 시설을 자랑해요. 역시 레지던스의 생명은 깔끔함!!!· 비즈니스 센터, 무료주차, 무선 인터넷, 객실 내 세탁시설 등 유용한 부대시설도 마음껏 즐기세요~ :^)",
348,3000835,0,왕십리 아모렉스 호텔,0,3.0,140,· 객실 크기가 여유롭고 방음이 잘 되어 있어서 편안하게 머물다 가기에 좋은 호텔입니다.· 로비 응접실에서 고급커피를 제공하는 서비스도 마음껏이용해보세요! · 왕십리역에서 매우 가깝다는 지리적 이점을 가지고 있어요:),
349,3000826,0,나비 호텔레지던스,0,4.5,306,"· 교대역에서 무척 가까워, 강남 어디로든 이동이 편리해요.· 전 객실이 금연룸이라 비흡연자도 냄새 걱정 끝! :)· 세탁기와 조리시설이 있어 집처럼 묵을 수 있답니다.",
350,3000815,0,바고 호텔,1,4.5,220,"· 롯데월드와 가까운 거리 , 편리한 교통에 있습니다.· 전객실 소프트 욕조 비치· 객실내 고객들을 위한 어메니티 제공",
351,3000794,0,보르조미 부티크 서울,0,4.4,400,· 서울에 이런 호텔이? 장안동에서 정말 예쁜 부티크 호텔 발견! 커플들에게 강추합니다!· 세심한 어메니티로 기분까지 업! 폭신한 침구와 향긋한 어메니티로 휴식을 취해보세요 :)· 모든 객실에는 스마트TV! 심심할 틈이 없답니다~,
352,3000793,0,레이크 호텔,0,4.5,462,· 다녀오신 분들이 전망을 칭찬하세요! 롯데월드가 한눈에 보인다고 하네요 :)· 롯데월드에 놀러가는 가족들이 선호하는 호텔! 넓은 객실에서 편안한 하룻밤을 보내보세요.· 산책을 좋아하시는 분들은 가까운 석촌호수를 가보시면 어떨까요?· 석촌역과 잠실역 사이에 있어 서울 여행하기에 편리하답니다!,
353,3000783,0,수유 리치 다이아몬드,0,4.7,184,"· 고급스럽고 모던한 시설을 자랑합니다.· 수유에서 하나 뿐인 비즈니스 호텔로 테마가 있는 각 객실들과 세련되고 차별화된 인테리어를 볼 수 있어요:)· 수려한 북한산, 도봉산, 우이천변을 조망할 수 있는 하늘 정원에서 로맨틱한 시간을 가져보세요!",
354,3000779,0,메이필드호텔 서울,5,4.4,50,"· 서울 도심에서 느끼는 숲과 같은 편안한 호텔 MAYFIELD HOTEL & RESOERT입니다.· 김포공항 5분! 인천공항 30분! 메이필드는 최적의 접근성을 자랑합니다.· 도심 속 숲속 정원으로 여러분을 초대합니다.",
355,3000775,0,그랜드 워커힐 서울,5,4.5,206,"· 한강 전망이 아름다운 서울 아차산 자락에 위치한 특1급 호텔!· 도심 속 자연에서의 편안한 휴식과 연회, 엔터테인먼트 등 최고급 서비스를 함께 제공합니다.· 야외수영장 리버파크와 이색 캠핑 체험을 즐길 수 있는 캠핑존, 카지노 등의 각종 여흥 시설 완비되어 있습니다.· 봄의 벚꽃, 여름의 녹음, 가을의 단풍, 겨울의 설경을 모두 즐길 수 있는 뚜렷한 사계절로도 유명합니다.",
356,3000770,0,호텔 리안,0,4.4,456,"· 밝고 차분한 색감으로 꾸며진 우아하고 깔끔한 디자인, 깨끗한 시설을 즐겨보세요!· 전 객실에 고객의 안정과 청결을 위한 에이스 침대, 더블침대가 킹사이즈! 노트북이 구비되어있어요.· 서양화 장부남화백, 동양화 김충식화백의 작품을 전객실에서 감상하실 수 있어요!· 종로3가역에서 도보로 5분! 체크인 후 종로의 저녁을 즐겨보세요.",
357,3000765,0,뉴국제 호텔,3,4.6,185,"· 뉴국제호텔은 객실 포함, 건물 전체 방역을 정기적으로 실시하고 있습니다. · 서울의 중심, 시청과 광화문광장 사이에 위치한 뉴국제 호텔은, 비즈니스와 여행을 목적으로 이용하기 최적화된 호텔입니다",
358,3000755,0,호텔 드 어반,0,4.4,637,· 드디어 호텔나우에 화곡 최강 '호텔 드 어반'이 상륙!· 김포공항에서 가까운 까치산역에 근접한 부티크호텔이랍니다.· 신축 호텔로서 일대 부티크호텔 중 가장 깔끔한 인테리어를 자랑해요. · 스위트 객실에는 수영장과 바베큐도 가능하답니다.(날씨가 추워서 현재 수영장은 운영 불가),
359,3000750,0,스위스 그랜드 호텔,5,4.7,1002,"· 그랜드 힐튼 브랜드 변경 안내· 2020년 1월1일 부로, '그랜드힐튼 서울'은 5성급호텔 '스위스 그랜드 호텔'로 상호를 변경하였습니다.· 도심속의 자연(호텔 뒷편 백련산)에 위치한 스위스 그랜드 호텔은 자연 친화적인 특1급 호텔의 쾌적함을 제공합니다.· 고객 편의를 위해 운행하던 셔틀이 일시적으로 운행 중단됩니다 (2020/3/16~ 추후공지일까지)· 한 겨울에도 따뜻한 실내 수영장(유아풀)과 품격 있는 넓은 로비 라운지, 다양한 선택이 가능한 레스토랑에서 완벽한 휴식을 즐겨보세요.",
360,3000729,0,호텔 로프트 서울,3,4.6,1355,· ★얼리파킹(주차) 프로모션★· 차량으로 호텔 로프트를 이용하시는 고객분들에 한해서· 체크인(15시)전 미리 주차를 하실 수 있도록 주차서비스를 제공합니다.· 평일(월~금) 미리주차 서비스는 낮 12시 30분이 후 숙박하시는분에 한해서 제공합니다.· 주말(토~일)은 제외되므로 이용에 착오없도록 확인부탁드립니다. 감사합니다.· 2015년 WLHA(World Luxury Hotel Awards) 한국 부티크 호텔 분야를 수상하였습니다.· 최고급 새턴바스 욕조와 스마트 비데도 감동인데 화장실에 들어가면 노래가 나온다는! (대박 배려심)· 객실마다 미네랄 워터 2병이 제공됩니다.· 최고급 아로마 테라피 어메니티를 만나보세요 :),
361,3000720,0,더 리버사이드 호텔,0,3.8,720,"· 핫 플레이스 가로수길 최고의 인기 호텔입니다.· 대한민국 매출 2위 리버사이드 호텔 뷔페, 놓치지마세요!· 호텔나우피플들에겐 중식당 따뚱 10% 할인권을 언/제/나 드립니다!· 스위트한 한강뷰와 로맨틱한 시티뷰를 자랑합니다.· 타 호텔보다 더블침대가 넓다는 이용객들의 생생한 증언!",
362,3000717,0,나이아가라 호텔,3,4.5,1157,"· 아름다운 한강과 북한산 조망이 가능한 객실에서 즐기는 특별한 하루!· 일몰 시간 브라운톤의 실내 인테리어에 은은한 조명과 석양이 더해지는 로맨틱한 분위기:)· 9호선 염창역에 위치하여 김포공항, 선유도공원, 여의도에 가까운 위치입니다!· 코로나로 인해 3박이상 장기 투숙객은 받지않습니다.",
363,3000708,0,라이프스타일 S 호텔,1,4.6,1103,"· 5명의 디자이너가 각각 다른 컨셉으로 디자인한 부티크 호텔로 객실마다 화려한 인테리어가 돋보여요!· 까치산역과 도보 5분 거리이며, 편의점과 음식점이 주변에 많아 이용하시기 편리하답니다. :)",
364,3000700,0,이비스 앰배서더 명동,3,4.6,709,· 서울 시내 최고의 비즈니스와 쇼핑의 중심지인 명동에 위치하여 비즈니스맨과 여행객 모두에게 사랑받는 호텔· 세계 최고의 호텔 체인 '어코르&앰배서더'의 브랜드라 더 믿을 수 있는 호텔· 탁 트인 전망의 Top Floor(19층)의 호텔로비와 피트니스 센터가 최고의 뷰(View)를 제공· 투숙객은 무료로 이용 가능한 'Hot Bath'에서 여행의 피로를 단숨에 날릴 수 있는 최고의 서비스,
365,3000699,0,호텔 컬리넌 왕십리,1,4.0,281,"· 컬리넌 역삼, 종로에 이은 또 하나의 명작 탄생!  2013년 12월 그랜드 오픈으로 최고의 객실 상태를 자랑합니다 :)· 왕십리역에서 도보로 불과 2분거리에 위치하고 있으며 엔터식스, CGV 등 복합 쇼핑몰과 매우 가까워요!· 차별화된 디자인과 분위기를 오롯이 담은 감각적이고 품격있는 객실에서 도심속 휴가를 즐겨보세요",
366,3000698,0,이비스 앰배서더 인사동,3,4.6,877,"· 이비스 명동, 강남에 이어 서울 관광의 중심지인 인사동에 오픈한 '이비스'의 세번째 지점!· 세계 최고의 호텔 체인 '어코르&앰배서더'의 브랜드라 더 믿을 수 있는 호텔입니다· 넓고 세련된 새로운 디자인의 호텔로비, 363개의 객실과 함께 현대적인 시설을 자랑해요 :)",
367,3000697,0,호텔 아르누보 서초,0,4.0,292,"· 클래식한 스타일의 객실로 고급 주방 및 세탁시설이 완비된 객실에서 즐기는 편안한 휴식을 즐겨보세요.· 린넨류(이불,시트,타올) 전면 교체 & 복도 조명 개선· 고품격 서비스와 최고급 편의시설을 갖춘 명품 주거공간으로 내 집 같은 편안함을 느끼실 수 있답니다. :)· 3호선 교대역 4번 출구 도보 7분, 2호선 강남역 9번 출구 도보 10분 거리로 최상의 위치를 자랑합니다.",
368,3000692,0,Staz 스타즈 호텔 명동 1호점,3,4.5,462,"· 서울의 랜드마크인 남산타워가 한눈에 보이는을지로3가역에 위치하고 있습니다.· 명동권에 위치하여 명동 중심까지 도보 5분 거리로 교통이 편리해요!· 인사동, 롯데백화점, 명동, 남산 한옥마을, 삼청동 등 서울 도심 주요 관광지가 걸어서 15분!· 깔끔하고 모던한 인테리어의 객실에서 편안하게 하루를 마무리하세요 :)",
369,3000690,0,라미드 호텔,0,4.1,3100,"· 당 호텔 투숙객의 안전을 위하여 2020년 4월 1일 이후 해외로부터 입국하신 이력이 있는 고객님은 투숙이 불가능한 점 양해 부탁드립니다.· 체크인시 해외 입국력 확인하고 있으며, 체크인 당일 이로 인한 투숙 거부의 무료 취소나 환불은 절대 불가능하오니 예약시 꼭 참고 부탁드립니다.· 마주하고 있는 선릉공원에서 아름다운 경관을 보며 산책을 즐겨보세요!· 서울의 요지 강남의 중심이자 코엑스와 현대백화점이 가까워 쇼핑과 관광 모두에 좋은 위치입니다!· 감염병 예방의 일환으로 당 호텔은 주 1회 전체 방역을 실시하고 있습니다.",
370,3000689,0,라이프스타일 F 호텔,0,4.3,556,"· 영등포역 바로 앞에 위치하여 타임스퀘어, 디큐브 시티 등 관광 및 이동이 편리.· 다양한 콘셉트로 파티룸으로 즐길 수 있는 라이프스타일 호텔, 공연 및 행사를 즐길 수 있는 옥상정원 '스카이박스'.",
371,3000683,0,호텔 더 디자이너스 종로,0,4.3,1021,· 종로 2가 사거리에 위치하여 청계천 등 관광 명소와 인접한 최고의 접근성 : )· 부티크 디자인 콘셉트로 꾸며진 객실에서 즐기는 특별한 하룻밤!,
372,3000677,0,ITW 호텔,1,4.3,758,"· 세계인이 찾는 국제쇼핑, 먹거리, 놀거리의 메카인 이태원에 위치한 고품격 호텔입니다!· 신선한 재료를 이용한 다양한 메뉴가 제공되는 ITW 호텔만의 특별한 조식을 맛보세요 :) · 남산타워, 가로수길, 이태원의 이국적인 거리가 가까운 최적의 위치가 주는 편리함을 경험해보세요 :)· 얼리체크인 시 시간당 1만원 추가요금이 있으니, 이용에 참고하세요!",
373,3000662,0,호텔 컬리넌 종로,0,4.2,127,· 세상에서 가장 크고 깨끗하며 완벽한 다이아몬드라는 '컬리넌'의 뜻처럼 최고의 객실과 최상의 서비스를 자랑합니다.· 2013년 5월 새롭게 오픈한 종로지역 최고의 호텔로 차별화된 디자인을 오롯이 담은 감각적이고 품격있는 호텔입니다 :D· 5호선 종로3가역과 매우 가까운 거리에 위치해 있어서 교통이 편리해요!,
374,3000655,0,해밀톤 호텔,4,4.5,220,"· 해밀턴 호텔이 특급 호텔로 승격되었답니다! 전 객실 리모델링 완료! 핫한 이태원 중심에서 특급 서비스의 품격을 느껴보세요~· 이태원 프리덤 ☜ ☞ 먹거리, 놀거리가 가득한 젊음의 메카 이태원 중심에 위치해 있습니다!· 지하철 6호선 이태원역 코 앞에 맞닿아 있는 편리한 위치로 찾아기가 정말 편하답니다.· 비즈니스, 여행에 모두 적합한 실속 있는 객실을 갖추고 있습니다.",
375,3000653,0,브라운 스위트 레지던스,0,4.3,526,"· 서울 도심 속 취사 가능한 초고층 39층 레지던스입니다.· 산책이 가능한 서소문공원 바로 앞 위치해 있어요!· 충정로역에서 도보 4분 거리, 서울역에서 도보 10분 거리로 최적의 위치를 자랑합니다.",
376,3000652,0,쏠라리움 시티,0,2.3,264,"· 서울 지하철 4호선 수유역에서 도보 5분거리에 위치하여 대중교통 이용이 편리· 명동, 남대문시장, 동대문시장 등 서울 주요 관광지와 가까워 관광 또는 쇼핑 목적 방문시 가장 적합· 전 객실 조식 2인 무료 제공 진행 중입니다.· 2013년 6월 신축 개관하여 품격있는 서비스와 경제적인 가격을 제공",
377,3000644,0,용산 엘르인 호텔,0,4.5,213,"· 명동, 서울타워, 시청, 경복궁 등이 15분 거리에 위치한 관광과 쇼핑에 최적의 위치해있습니다.· 10개의 테마로 구성된 객실에서 즐기는 다양한 디자인을 즐겨보세요.· 서울역과 용산역이 도보 10분, 지하철 1, 4, 6호선이 관통하는 교통의 요지입니다!",
378,3000642,0,호텔 삼정 강남,0,4.5,249,· 강남 중심가에 위치해 관광과 교통에 최적의 위치입니다.· 최근 리노베이션으로 세련미를 더한 고풍스러운 역사의 매력을 느껴보세요.,
379,3000638,0,강남아르누보씨티 호텔,0,4.3,624,"· 타 레지던스와 차별화되는 아르누보만의 고급스러운 브라운&골드의 객실 인테리어와 고품격 서비스를 느껴보세요.· 침실과 거실 분리, 최신식 빌트인 주방시설과 푹신한 소파가 있어서 TV도 느긋하게 감상 가능해요 :)· 강남역 3분 거리에 위치하여 쇼핑과 데이트에 안성맞춤이랍니다.",
380,3000624,0,역삼 아르누보 호텔,0,4.4,326,· 최고급 가구와 주방시설을 갖춘 럭셔리한 레지던스형 호텔입니다.· 24시간 컨시어지 서비스화 친절한 고객응대로 고객님들의 리뷰가 좋은 곳이예요!· 역삼역과 선릉역 사이에 위치해 강남 어디로든 편리한 이동가능한 장점:),
381,3000619,0,프린스 호텔 명동,3,4.5,19,"· 거위털 이불과 최고급 침대, 화이트톤으로 꾸며진 깔끔하고 아늑한 객실을 자랑합니다.· 명동역 도보 1분 거리, 남산이 보이는 서울의 중심에 위치한 호텔이에요!· 세련되고 도시적인 공간에서 즐기는 아메리칸스타일의 조식을 즐겨보세요.",
382,3000616,0,파로스 호텔,3,4.6,316,"· 신천역 먹자골목에 위치하여 다양한 맛집을 즐길 수 있답니다!· 석촌호수, 종합운동장, 올림픽공원 등과 인접하여 상쾌한 공기를 맡으며 산책하기 좋아요.· 최신식의 깔끔한 객실과 요즘 핫한 3D TV가 완비되어 있어요.",
383,3000614,0,강남패밀리호텔,0,4.6,365,"· 9호선 신논현역, 언주역에서 5분 거리에 있어 강남 일대로 이동이 편리합니다.· 10여평의 넓은 객실과 마루바닥(온돌)의 위생적인 객실로 취사가 가능하고, 세재가 제공되어 장기 투숙하시기에 편리하며 남산 전망과 도시 전경의 멋진 야경을 즐기실 수 있습니다.· 서울 시내를 한 눈에 내려다 볼 수 있는 전경은 덤으로 즐기실 수 있습니다:)",
384,3000605,0,라마다 서울 동대문,3,4.6,1936,"· 창덕궁, 동대문 시장, 청계천, 신세계백화점 등 볼거리가 풍부한 서울 중심에 위치해 있어요.· 세계적 체인 라마다가 운영하는 깔끔하고 안락한 객실과 특급호텔의 친절한 서비스를 느껴보세요.· 다양한 비품, 무료인터넷이 제공되어 가벼운 짐만 가져가도 OK랍니다.",
385,3000604,0,호텔 마누,3,4.6,289,· 교통의 요지 서울역에서 도보 2분 거리에 위치한 서울 여행 최적의 입지에 있답니다.· 숲 속에 들어온 것 같은 내추럴 우드의 감각적 인테리어와 편안한 분위기의 객실을 갖추고 있어요.· 24시간 개방하는 옥상정원에서 도심속의 자연을 느끼며 재충전의 시간을 가져보세요 :),
386,3000591,0,호텔 그라모스,0,4.5,481,"· 강남권 부티크 호텔로 음식, 쇼핑, 문화의 중심인 강남 테헤란로에 위치하여 최상의 접근성을 가지고 있습니다.· 고층빌딩이 훤히 내다보이는 창을 통해 강남의 매력을 만끽해 보세요!· 루프탑 수영장은 2021년 10월 11일까지 운영합니다.",
387,3000586,0,메리골드 호텔,3,4.5,2670,"· 미성년자투숙불가 체크인시 신분증필수· 메리골드 호텔만의 세심한 객실 서비스와 품격 있는 인테리어로 도심 속 휴가를 즐기실 수 있습니다.· 호텔 내부의 사우나, 찜질방, 헬스장 등 다양한 부대시설이 갖춰져 있어요!· 젊음의 메카, 홍대에 위치하여 맛집, 카페거리, 쇼핑, 클럽을 즐기기에 최적의 위치 :D",
388,3000582,0,그랜드 앰배서더 서울 풀만,0,0,353,· 고객님께 진심으로 사과 말씀 드립니다.· 그랜드 앰배서더 서울 풀만 호텔의 내부 사정으로 인하여 운영을 잠시 중단하오며 조속한 복구 및 빠른 정상화를 위해 최선을 다하겠습니다.· 긴급한 문의 전화는 02-2275-1101 또는 ambres@ambatel.com 로 연락 부탁드리겠습니다.,
